vtx-F04-n52-n5-n3	Δ = -52	bi.bi = -5	b0.bi = -3	
vtx-F04-n26-n4-n2	Δ = -26	bi.bi = -4	b0.bi = -2	1 x (irr-F4-26)
vtx-F04-0-n3-n1	Δ = 0	bi.bi = -3	b0.bi = -1	2 x (irr-F4-26)
vtx-F04-0-0-0	Δ = 0	bi.bi = 0	b0.bi = 0	1 x (irr-F4-52)
vtx-F04-26-n2-0	Δ = 26	bi.bi = -2	b0.bi = 0	3 x (irr-F4-26)
vtx-F04-52-n1-1	Δ = 52	bi.bi = -1	b0.bi = 1	4 x (irr-F4-26)
vtx-F04-78-0-2	Δ = 78	bi.bi = 0	b0.bi = 2	5 x (irr-F4-26)
vtx-F04-26-1-1	Δ = 26	bi.bi = 1	b0.bi = 1	1 x (irr-F4-26) + 1 x (irr-F4-52)
vtx-F04-52-2-2	Δ = 52	bi.bi = 2	b0.bi = 2	2 x (irr-F4-26) + 1 x (irr-F4-52)
vtx-F04-52-5-3	Δ = 52	bi.bi = 5	b0.bi = 3	2 x (irr-F4-52)
vtx-F04-78-3-3	Δ = 78	bi.bi = 3	b0.bi = 3	3 x (irr-F4-26) + 1 x (irr-F4-52)
vtx-F04-78-6-4	Δ = 78	bi.bi = 6	b0.bi = 4	1 x (irr-F4-26) + 2 x (irr-F4-52)
vtx-F04-104-1-3	Δ = 104	bi.bi = 1	b0.bi = 3	6 x (irr-F4-26)
vtx-F04-104-4-4	Δ = 104	bi.bi = 4	b0.bi = 4	4 x (irr-F4-26) + 1 x (irr-F4-52)
vtx-F04-104-7-5	Δ = 104	bi.bi = 7	b0.bi = 5	2 x (irr-F4-26) + 2 x (irr-F4-52)
vtx-F04-104-10-6	Δ = 104	bi.bi = 10	b0.bi = 6	3 x (irr-F4-52)
vtx-F04-130-2-4	Δ = 130	bi.bi = 2	b0.bi = 4	7 x (irr-F4-26)
vtx-F04-130-5-5	Δ = 130	bi.bi = 5	b0.bi = 5	5 x (irr-F4-26) + 1 x (irr-F4-52)
vtx-F04-130-8-6	Δ = 130	bi.bi = 8	b0.bi = 6	3 x (irr-F4-26) + 2 x (irr-F4-52)
vtx-F04-130-11-7	Δ = 130	bi.bi = 11	b0.bi = 7	1 x (irr-F4-26) + 3 x (irr-F4-52)
vtx-F04-156-3-5	Δ = 156	bi.bi = 3	b0.bi = 5	8 x (irr-F4-26)
vtx-F04-156-6-6	Δ = 156	bi.bi = 6	b0.bi = 6	6 x (irr-F4-26) + 1 x (irr-F4-52)
vtx-F04-156-9-7	Δ = 156	bi.bi = 9	b0.bi = 7	4 x (irr-F4-26) + 2 x (irr-F4-52)
vtx-F04-156-12-8	Δ = 156	bi.bi = 12	b0.bi = 8	2 x (irr-F4-26) + 3 x (irr-F4-52)
vtx-F04-156-15-9	Δ = 156	bi.bi = 15	b0.bi = 9	4 x (irr-F4-52)
vtx-F04-182-4-6	Δ = 182	bi.bi = 4	b0.bi = 6	9 x (irr-F4-26)
vtx-F04-182-7-7	Δ = 182	bi.bi = 7	b0.bi = 7	7 x (irr-F4-26) + 1 x (irr-F4-52)
vtx-F04-182-10-8	Δ = 182	bi.bi = 10	b0.bi = 8	5 x (irr-F4-26) + 2 x (irr-F4-52)
vtx-F04-182-13-9	Δ = 182	bi.bi = 13	b0.bi = 9	3 x (irr-F4-26) + 3 x (irr-F4-52)
vtx-F04-182-16-10	Δ = 182	bi.bi = 16	b0.bi = 10	1 x (irr-F4-26) + 4 x (irr-F4-52)
vtx-F04-208-5-7	Δ = 208	bi.bi = 5	b0.bi = 7	10 x (irr-F4-26)
vtx-F04-208-8-8	Δ = 208	bi.bi = 8	b0.bi = 8	8 x (irr-F4-26) + 1 x (irr-F4-52)
vtx-F04-208-11-9	Δ = 208	bi.bi = 11	b0.bi = 9	6 x (irr-F4-26) + 2 x (irr-F4-52)
vtx-F04-208-14-10	Δ = 208	bi.bi = 14	b0.bi = 10	4 x (irr-F4-26) + 3 x (irr-F4-52)
vtx-F04-208-17-11	Δ = 208	bi.bi = 17	b0.bi = 11	2 x (irr-F4-26) + 4 x (irr-F4-52)
vtx-F04-208-20-12	Δ = 208	bi.bi = 20	b0.bi = 12	5 x (irr-F4-52)
vtx-F04-221-44-18	Δ = 221	bi.bi = 44	b0.bi = 18	1 x (irr-F4-273)
vtx-F04-234-6-8	Δ = 234	bi.bi = 6	b0.bi = 8	11 x (irr-F4-26)
vtx-F04-234-9-9	Δ = 234	bi.bi = 9	b0.bi = 9	9 x (irr-F4-26) + 1 x (irr-F4-52)
vtx-F04-234-12-10	Δ = 234	bi.bi = 12	b0.bi = 10	7 x (irr-F4-26) + 2 x (irr-F4-52)
vtx-F04-234-15-11	Δ = 234	bi.bi = 15	b0.bi = 11	5 x (irr-F4-26) + 3 x (irr-F4-52)
vtx-F04-234-18-12	Δ = 234	bi.bi = 18	b0.bi = 12	3 x (irr-F4-26) + 4 x (irr-F4-52)
vtx-F04-234-21-13	Δ = 234	bi.bi = 21	b0.bi = 13	1 x (irr-F4-26) + 5 x (irr-F4-52)
vtx-F04-247-45-19	Δ = 247	bi.bi = 45	b0.bi = 19	1 x (irr-F4-26) + 1 x (irr-F4-273)
vtx-F04-260-7-9	Δ = 260	bi.bi = 7	b0.bi = 9	12 x (irr-F4-26)
vtx-F04-260-10-10	Δ = 260	bi.bi = 10	b0.bi = 10	10 x (irr-F4-26) + 1 x (irr-F4-52)
vtx-F04-260-13-11	Δ = 260	bi.bi = 13	b0.bi = 11	8 x (irr-F4-26) + 2 x (irr-F4-52)
vtx-F04-260-16-12	Δ = 260	bi.bi = 16	b0.bi = 12	6 x (irr-F4-26) + 3 x (irr-F4-52)
vtx-F04-260-19-13	Δ = 260	bi.bi = 19	b0.bi = 13	4 x (irr-F4-26) + 4 x (irr-F4-52)
vtx-F04-260-22-14	Δ = 260	bi.bi = 22	b0.bi = 14	2 x (irr-F4-26) + 5 x (irr-F4-52)
vtx-F04-260-25-15	Δ = 260	bi.bi = 25	b0.bi = 15	6 x (irr-F4-52)
vtx-F04-272-64-24	Δ = 272	bi.bi = 64	b0.bi = 24	1 x (irr-F4-324)
vtx-F04-273-46-20	Δ = 273	bi.bi = 46	b0.bi = 20	2 x (irr-F4-26) + 1 x (irr-F4-273)
vtx-F04-273-49-21	Δ = 273	bi.bi = 49	b0.bi = 21	1 x (irr-F4-52) + 1 x (irr-F4-273)
vtx-F04-286-8-10	Δ = 286	bi.bi = 8	b0.bi = 10	13 x (irr-F4-26)
vtx-F04-286-11-11	Δ = 286	bi.bi = 11	b0.bi = 11	11 x (irr-F4-26) + 1 x (irr-F4-52)
vtx-F04-286-14-12	Δ = 286	bi.bi = 14	b0.bi = 12	9 x (irr-F4-26) + 2 x (irr-F4-52)
vtx-F04-286-17-13	Δ = 286	bi.bi = 17	b0.bi = 13	7 x (irr-F4-26) + 3 x (irr-F4-52)
vtx-F04-286-20-14	Δ = 286	bi.bi = 20	b0.bi = 14	5 x (irr-F4-26) + 4 x (irr-F4-52)
vtx-F04-286-23-15	Δ = 286	bi.bi = 23	b0.bi = 15	3 x (irr-F4-26) + 5 x (irr-F4-52)
vtx-F04-286-26-16	Δ = 286	bi.bi = 26	b0.bi = 16	1 x (irr-F4-26) + 6 x (irr-F4-52)
vtx-F04-298-65-25	Δ = 298	bi.bi = 65	b0.bi = 25	1 x (irr-F4-26) + 1 x (irr-F4-324)
vtx-F04-299-47-21	Δ = 299	bi.bi = 47	b0.bi = 21	3 x (irr-F4-26) + 1 x (irr-F4-273)
vtx-F04-299-50-22	Δ = 299	bi.bi = 50	b0.bi = 22	1 x (irr-F4-26) + 1 x (irr-F4-52) + 1 x (irr-F4-273)
vtx-F04-312-9-11	Δ = 312	bi.bi = 9	b0.bi = 11	14 x (irr-F4-26)
vtx-F04-312-12-12	Δ = 312	bi.bi = 12	b0.bi = 12	12 x (irr-F4-26) + 1 x (irr-F4-52)
vtx-F04-312-15-13	Δ = 312	bi.bi = 15	b0.bi = 13	10 x (irr-F4-26) + 2 x (irr-F4-52)
vtx-F04-312-18-14	Δ = 312	bi.bi = 18	b0.bi = 14	8 x (irr-F4-26) + 3 x (irr-F4-52)
vtx-F04-312-21-15	Δ = 312	bi.bi = 21	b0.bi = 15	6 x (irr-F4-26) + 4 x (irr-F4-52)
vtx-F04-312-24-16	Δ = 312	bi.bi = 24	b0.bi = 16	4 x (irr-F4-26) + 5 x (irr-F4-52)
vtx-F04-312-27-17	Δ = 312	bi.bi = 27	b0.bi = 17	2 x (irr-F4-26) + 6 x (irr-F4-52)
vtx-F04-312-30-18	Δ = 312	bi.bi = 30	b0.bi = 18	7 x (irr-F4-52)
vtx-F04-324-66-26	Δ = 324	bi.bi = 66	b0.bi = 26	2 x (irr-F4-26) + 1 x (irr-F4-324)
vtx-F04-324-69-27	Δ = 324	bi.bi = 69	b0.bi = 27	1 x (irr-F4-52) + 1 x (irr-F4-324)
vtx-F04-325-48-22	Δ = 325	bi.bi = 48	b0.bi = 22	4 x (irr-F4-26) + 1 x (irr-F4-273)
vtx-F04-325-51-23	Δ = 325	bi.bi = 51	b0.bi = 23	2 x (irr-F4-26) + 1 x (irr-F4-52) + 1 x (irr-F4-273)
vtx-F04-325-54-24	Δ = 325	bi.bi = 54	b0.bi = 24	2 x (irr-F4-52) + 1 x (irr-F4-273)
vtx-F04-338-10-12	Δ = 338	bi.bi = 10	b0.bi = 12	15 x (irr-F4-26)
vtx-F04-338-13-13	Δ = 338	bi.bi = 13	b0.bi = 13	13 x (irr-F4-26) + 1 x (irr-F4-52)
vtx-F04-338-16-14	Δ = 338	bi.bi = 16	b0.bi = 14	11 x (irr-F4-26) + 2 x (irr-F4-52)
vtx-F04-338-19-15	Δ = 338	bi.bi = 19	b0.bi = 15	9 x (irr-F4-26) + 3 x (irr-F4-52)
vtx-F04-338-22-16	Δ = 338	bi.bi = 22	b0.bi = 16	7 x (irr-F4-26) + 4 x (irr-F4-52)
vtx-F04-338-25-17	Δ = 338	bi.bi = 25	b0.bi = 17	5 x (irr-F4-26) + 5 x (irr-F4-52)
vtx-F04-338-28-18	Δ = 338	bi.bi = 28	b0.bi = 18	3 x (irr-F4-26) + 6 x (irr-F4-52)
vtx-F04-338-31-19	Δ = 338	bi.bi = 31	b0.bi = 19	1 x (irr-F4-26) + 7 x (irr-F4-52)
vtx-F04-350-67-27	Δ = 350	bi.bi = 67	b0.bi = 27	3 x (irr-F4-26) + 1 x (irr-F4-324)
vtx-F04-350-70-28	Δ = 350	bi.bi = 70	b0.bi = 28	1 x (irr-F4-26) + 1 x (irr-F4-52) + 1 x (irr-F4-324)
vtx-F04-351-49-23	Δ = 351	bi.bi = 49	b0.bi = 23	5 x (irr-F4-26) + 1 x (irr-F4-273)
vtx-F04-351-52-24	Δ = 351	bi.bi = 52	b0.bi = 24	3 x (irr-F4-26) + 1 x (irr-F4-52) + 1 x (irr-F4-273)
vtx-F04-351-55-25	Δ = 351	bi.bi = 55	b0.bi = 25	1 x (irr-F4-26) + 2 x (irr-F4-52) + 1 x (irr-F4-273)
vtx-F04-364-11-13	Δ = 364	bi.bi = 11	b0.bi = 13	16 x (irr-F4-26)
vtx-F04-364-14-14	Δ = 364	bi.bi = 14	b0.bi = 14	14 x (irr-F4-26) + 1 x (irr-F4-52)
vtx-F04-364-17-15	Δ = 364	bi.bi = 17	b0.bi = 15	12 x (irr-F4-26) + 2 x (irr-F4-52)
vtx-F04-364-20-16	Δ = 364	bi.bi = 20	b0.bi = 16	10 x (irr-F4-26) + 3 x (irr-F4-52)
vtx-F04-364-23-17	Δ = 364	bi.bi = 23	b0.bi = 17	8 x (irr-F4-26) + 4 x (irr-F4-52)
vtx-F04-364-26-18	Δ = 364	bi.bi = 26	b0.bi = 18	6 x (irr-F4-26) + 5 x (irr-F4-52)
vtx-F04-364-29-19	Δ = 364	bi.bi = 29	b0.bi = 19	4 x (irr-F4-26) + 6 x (irr-F4-52)
vtx-F04-364-32-20	Δ = 364	bi.bi = 32	b0.bi = 20	2 x (irr-F4-26) + 7 x (irr-F4-52)
vtx-F04-364-35-21	Δ = 364	bi.bi = 35	b0.bi = 21	8 x (irr-F4-52)
vtx-F04-376-68-28	Δ = 376	bi.bi = 68	b0.bi = 28	4 x (irr-F4-26) + 1 x (irr-F4-324)
vtx-F04-376-71-29	Δ = 376	bi.bi = 71	b0.bi = 29	2 x (irr-F4-26) + 1 x (irr-F4-52) + 1 x (irr-F4-324)
vtx-F04-376-74-30	Δ = 376	bi.bi = 74	b0.bi = 30	2 x (irr-F4-52) + 1 x (irr-F4-324)
vtx-F04-377-50-24	Δ = 377	bi.bi = 50	b0.bi = 24	6 x (irr-F4-26) + 1 x (irr-F4-273)
vtx-F04-377-53-25	Δ = 377	bi.bi = 53	b0.bi = 25	4 x (irr-F4-26) + 1 x (irr-F4-52) + 1 x (irr-F4-273)
vtx-F04-377-56-26	Δ = 377	bi.bi = 56	b0.bi = 26	2 x (irr-F4-26) + 2 x (irr-F4-52) + 1 x (irr-F4-273)
vtx-F04-377-59-27	Δ = 377	bi.bi = 59	b0.bi = 27	3 x (irr-F4-52) + 1 x (irr-F4-273)
vtx-F04-390-12-14	Δ = 390	bi.bi = 12	b0.bi = 14	17 x (irr-F4-26)
vtx-F04-390-15-15	Δ = 390	bi.bi = 15	b0.bi = 15	15 x (irr-F4-26) + 1 x (irr-F4-52)
vtx-F04-390-18-16	Δ = 390	bi.bi = 18	b0.bi = 16	13 x (irr-F4-26) + 2 x (irr-F4-52)
vtx-F04-390-21-17	Δ = 390	bi.bi = 21	b0.bi = 17	11 x (irr-F4-26) + 3 x (irr-F4-52)
vtx-F04-390-24-18	Δ = 390	bi.bi = 24	b0.bi = 18	9 x (irr-F4-26) + 4 x (irr-F4-52)
vtx-F04-390-27-19	Δ = 390	bi.bi = 27	b0.bi = 19	7 x (irr-F4-26) + 5 x (irr-F4-52)
vtx-F04-390-30-20	Δ = 390	bi.bi = 30	b0.bi = 20	5 x (irr-F4-26) + 6 x (irr-F4-52)
vtx-F04-390-33-21	Δ = 390	bi.bi = 33	b0.bi = 21	3 x (irr-F4-26) + 7 x (irr-F4-52)
vtx-F04-390-36-22	Δ = 390	bi.bi = 36	b0.bi = 22	1 x (irr-F4-26) + 8 x (irr-F4-52)
vtx-F04-402-69-29	Δ = 402	bi.bi = 69	b0.bi = 29	5 x (irr-F4-26) + 1 x (irr-F4-324)
vtx-F04-402-72-30	Δ = 402	bi.bi = 72	b0.bi = 30	3 x (irr-F4-26) + 1 x (irr-F4-52) + 1 x (irr-F4-324)
vtx-F04-402-75-31	Δ = 402	bi.bi = 75	b0.bi = 31	1 x (irr-F4-26) + 2 x (irr-F4-52) + 1 x (irr-F4-324)
vtx-F04-403-51-25	Δ = 403	bi.bi = 51	b0.bi = 25	7 x (irr-F4-26) + 1 x (irr-F4-273)
vtx-F04-403-54-26	Δ = 403	bi.bi = 54	b0.bi = 26	5 x (irr-F4-26) + 1 x (irr-F4-52) + 1 x (irr-F4-273)
vtx-F04-403-57-27	Δ = 403	bi.bi = 57	b0.bi = 27	3 x (irr-F4-26) + 2 x (irr-F4-52) + 1 x (irr-F4-273)
vtx-F04-403-60-28	Δ = 403	bi.bi = 60	b0.bi = 28	1 x (irr-F4-26) + 3 x (irr-F4-52) + 1 x (irr-F4-273)
vtx-F04-416-13-15	Δ = 416	bi.bi = 13	b0.bi = 15	18 x (irr-F4-26)
vtx-F04-416-16-16	Δ = 416	bi.bi = 16	b0.bi = 16	16 x (irr-F4-26) + 1 x (irr-F4-52)
vtx-F04-416-19-17	Δ = 416	bi.bi = 19	b0.bi = 17	14 x (irr-F4-26) + 2 x (irr-F4-52)
vtx-F04-416-22-18	Δ = 416	bi.bi = 22	b0.bi = 18	12 x (irr-F4-26) + 3 x (irr-F4-52)
vtx-F04-416-25-19	Δ = 416	bi.bi = 25	b0.bi = 19	10 x (irr-F4-26) + 4 x (irr-F4-52)
vtx-F04-416-28-20	Δ = 416	bi.bi = 28	b0.bi = 20	8 x (irr-F4-26) + 5 x (irr-F4-52)
vtx-F04-416-31-21	Δ = 416	bi.bi = 31	b0.bi = 21	6 x (irr-F4-26) + 6 x (irr-F4-52)
vtx-F04-416-34-22	Δ = 416	bi.bi = 34	b0.bi = 22	4 x (irr-F4-26) + 7 x (irr-F4-52)
vtx-F04-416-37-23	Δ = 416	bi.bi = 37	b0.bi = 23	2 x (irr-F4-26) + 8 x (irr-F4-52)
vtx-F04-416-40-24	Δ = 416	bi.bi = 40	b0.bi = 24	9 x (irr-F4-52)
vtx-F04-428-70-30	Δ = 428	bi.bi = 70	b0.bi = 30	6 x (irr-F4-26) + 1 x (irr-F4-324)
vtx-F04-428-73-31	Δ = 428	bi.bi = 73	b0.bi = 31	4 x (irr-F4-26) + 1 x (irr-F4-52) + 1 x (irr-F4-324)
vtx-F04-428-76-32	Δ = 428	bi.bi = 76	b0.bi = 32	2 x (irr-F4-26) + 2 x (irr-F4-52) + 1 x (irr-F4-324)
vtx-F04-428-79-33	Δ = 428	bi.bi = 79	b0.bi = 33	3 x (irr-F4-52) + 1 x (irr-F4-324)
vtx-F04-429-52-26	Δ = 429	bi.bi = 52	b0.bi = 26	8 x (irr-F4-26) + 1 x (irr-F4-273)
vtx-F04-429-55-27	Δ = 429	bi.bi = 55	b0.bi = 27	6 x (irr-F4-26) + 1 x (irr-F4-52) + 1 x (irr-F4-273)
vtx-F04-429-58-28	Δ = 429	bi.bi = 58	b0.bi = 28	4 x (irr-F4-26) + 2 x (irr-F4-52) + 1 x (irr-F4-273)
vtx-F04-429-61-29	Δ = 429	bi.bi = 61	b0.bi = 29	2 x (irr-F4-26) + 3 x (irr-F4-52) + 1 x (irr-F4-273)
vtx-F04-429-64-30	Δ = 429	bi.bi = 64	b0.bi = 30	4 x (irr-F4-52) + 1 x (irr-F4-273)
vtx-F04-442-14-16	Δ = 442	bi.bi = 14	b0.bi = 16	19 x (irr-F4-26)
vtx-F04-442-17-17	Δ = 442	bi.bi = 17	b0.bi = 17	17 x (irr-F4-26) + 1 x (irr-F4-52)
vtx-F04-442-20-18	Δ = 442	bi.bi = 20	b0.bi = 18	15 x (irr-F4-26) + 2 x (irr-F4-52)
vtx-F04-442-23-19	Δ = 442	bi.bi = 23	b0.bi = 19	13 x (irr-F4-26) + 3 x (irr-F4-52)
vtx-F04-442-26-20	Δ = 442	bi.bi = 26	b0.bi = 20	11 x (irr-F4-26) + 4 x (irr-F4-52)
vtx-F04-442-29-21	Δ = 442	bi.bi = 29	b0.bi = 21	9 x (irr-F4-26) + 5 x (irr-F4-52)
vtx-F04-442-32-22	Δ = 442	bi.bi = 32	b0.bi = 22	7 x (irr-F4-26) + 6 x (irr-F4-52)
vtx-F04-442-35-23	Δ = 442	bi.bi = 35	b0.bi = 23	5 x (irr-F4-26) + 7 x (irr-F4-52)
vtx-F04-442-38-24	Δ = 442	bi.bi = 38	b0.bi = 24	3 x (irr-F4-26) + 8 x (irr-F4-52)
vtx-F04-442-41-25	Δ = 442	bi.bi = 41	b0.bi = 25	1 x (irr-F4-26) + 9 x (irr-F4-52)
vtx-F04-454-71-31	Δ = 454	bi.bi = 71	b0.bi = 31	7 x (irr-F4-26) + 1 x (irr-F4-324)
vtx-F04-454-74-32	Δ = 454	bi.bi = 74	b0.bi = 32	5 x (irr-F4-26) + 1 x (irr-F4-52) + 1 x (irr-F4-324)
vtx-F04-454-77-33	Δ = 454	bi.bi = 77	b0.bi = 33	3 x (irr-F4-26) + 2 x (irr-F4-52) + 1 x (irr-F4-324)
vtx-F04-454-80-34	Δ = 454	bi.bi = 80	b0.bi = 34	1 x (irr-F4-26) + 3 x (irr-F4-52) + 1 x (irr-F4-324)
vtx-F04-455-53-27	Δ = 455	bi.bi = 53	b0.bi = 27	9 x (irr-F4-26) + 1 x (irr-F4-273)
vtx-F04-455-56-28	Δ = 455	bi.bi = 56	b0.bi = 28	7 x (irr-F4-26) + 1 x (irr-F4-52) + 1 x (irr-F4-273)
vtx-F04-455-59-29	Δ = 455	bi.bi = 59	b0.bi = 29	5 x (irr-F4-26) + 2 x (irr-F4-52) + 1 x (irr-F4-273)
vtx-F04-455-62-30	Δ = 455	bi.bi = 62	b0.bi = 30	3 x (irr-F4-26) + 3 x (irr-F4-52) + 1 x (irr-F4-273)
vtx-F04-455-65-31	Δ = 455	bi.bi = 65	b0.bi = 31	1 x (irr-F4-26) + 4 x (irr-F4-52) + 1 x (irr-F4-273)
vtx-F04-468-15-17	Δ = 468	bi.bi = 15	b0.bi = 17	20 x (irr-F4-26)
vtx-F04-468-18-18	Δ = 468	bi.bi = 18	b0.bi = 18	18 x (irr-F4-26) + 1 x (irr-F4-52)
vtx-F04-468-21-19	Δ = 468	bi.bi = 21	b0.bi = 19	16 x (irr-F4-26) + 2 x (irr-F4-52)
vtx-F04-468-24-20	Δ = 468	bi.bi = 24	b0.bi = 20	14 x (irr-F4-26) + 3 x (irr-F4-52)
vtx-F04-468-27-21	Δ = 468	bi.bi = 27	b0.bi = 21	12 x (irr-F4-26) + 4 x (irr-F4-52)
vtx-F04-468-30-22	Δ = 468	bi.bi = 30	b0.bi = 22	10 x (irr-F4-26) + 5 x (irr-F4-52)
vtx-F04-468-33-23	Δ = 468	bi.bi = 33	b0.bi = 23	8 x (irr-F4-26) + 6 x (irr-F4-52)
vtx-F04-468-36-24	Δ = 468	bi.bi = 36	b0.bi = 24	6 x (irr-F4-26) + 7 x (irr-F4-52)
vtx-F04-468-39-25	Δ = 468	bi.bi = 39	b0.bi = 25	4 x (irr-F4-26) + 8 x (irr-F4-52)
vtx-F04-468-42-26	Δ = 468	bi.bi = 42	b0.bi = 26	2 x (irr-F4-26) + 9 x (irr-F4-52)
vtx-F04-468-45-27	Δ = 468	bi.bi = 45	b0.bi = 27	10 x (irr-F4-52)
vtx-F04-480-72-32	Δ = 480	bi.bi = 72	b0.bi = 32	8 x (irr-F4-26) + 1 x (irr-F4-324)
vtx-F04-480-75-33	Δ = 480	bi.bi = 75	b0.bi = 33	6 x (irr-F4-26) + 1 x (irr-F4-52) + 1 x (irr-F4-324)
vtx-F04-480-78-34	Δ = 480	bi.bi = 78	b0.bi = 34	4 x (irr-F4-26) + 2 x (irr-F4-52) + 1 x (irr-F4-324)
vtx-F04-480-81-35	Δ = 480	bi.bi = 81	b0.bi = 35	2 x (irr-F4-26) + 3 x (irr-F4-52) + 1 x (irr-F4-324)
vtx-F04-480-84-36	Δ = 480	bi.bi = 84	b0.bi = 36	4 x (irr-F4-52) + 1 x (irr-F4-324)
vtx-F04-481-54-28	Δ = 481	bi.bi = 54	b0.bi = 28	10 x (irr-F4-26) + 1 x (irr-F4-273)
vtx-F04-481-57-29	Δ = 481	bi.bi = 57	b0.bi = 29	8 x (irr-F4-26) + 1 x (irr-F4-52) + 1 x (irr-F4-273)
vtx-F04-481-60-30	Δ = 481	bi.bi = 60	b0.bi = 30	6 x (irr-F4-26) + 2 x (irr-F4-52) + 1 x (irr-F4-273)
vtx-F04-481-63-31	Δ = 481	bi.bi = 63	b0.bi = 31	4 x (irr-F4-26) + 3 x (irr-F4-52) + 1 x (irr-F4-273)
vtx-F04-481-66-32	Δ = 481	bi.bi = 66	b0.bi = 32	2 x (irr-F4-26) + 4 x (irr-F4-52) + 1 x (irr-F4-273)
vtx-F04-481-69-33	Δ = 481	bi.bi = 69	b0.bi = 33	5 x (irr-F4-52) + 1 x (irr-F4-273)
vtx-F04-494-16-18	Δ = 494	bi.bi = 16	b0.bi = 18	21 x (irr-F4-26)
vtx-F04-494-19-19	Δ = 494	bi.bi = 19	b0.bi = 19	19 x (irr-F4-26) + 1 x (irr-F4-52)
vtx-F04-494-22-20	Δ = 494	bi.bi = 22	b0.bi = 20	17 x (irr-F4-26) + 2 x (irr-F4-52)
vtx-F04-494-25-21	Δ = 494	bi.bi = 25	b0.bi = 21	15 x (irr-F4-26) + 3 x (irr-F4-52)
vtx-F04-494-28-22	Δ = 494	bi.bi = 28	b0.bi = 22	13 x (irr-F4-26) + 4 x (irr-F4-52)
vtx-F04-494-31-23	Δ = 494	bi.bi = 31	b0.bi = 23	11 x (irr-F4-26) + 5 x (irr-F4-52)
vtx-F04-494-34-24	Δ = 494	bi.bi = 34	b0.bi = 24	9 x (irr-F4-26) + 6 x (irr-F4-52)
vtx-F04-494-37-25	Δ = 494	bi.bi = 37	b0.bi = 25	7 x (irr-F4-26) + 7 x (irr-F4-52)
vtx-F04-494-40-26	Δ = 494	bi.bi = 40	b0.bi = 26	5 x (irr-F4-26) + 8 x (irr-F4-52)
vtx-F04-494-43-27	Δ = 494	bi.bi = 43	b0.bi = 27	3 x (irr-F4-26) + 9 x (irr-F4-52)
vtx-F04-494-46-28	Δ = 494	bi.bi = 46	b0.bi = 28	1 x (irr-F4-26) + 10 x (irr-F4-52)
vtx-F04-494-93-39	Δ = 494	bi.bi = 93	b0.bi = 39	2 x (irr-F4-273)
vtx-F04-506-73-33	Δ = 506	bi.bi = 73	b0.bi = 33	9 x (irr-F4-26) + 1 x (irr-F4-324)
vtx-F04-506-76-34	Δ = 506	bi.bi = 76	b0.bi = 34	7 x (irr-F4-26) + 1 x (irr-F4-52) + 1 x (irr-F4-324)
vtx-F04-506-79-35	Δ = 506	bi.bi = 79	b0.bi = 35	5 x (irr-F4-26) + 2 x (irr-F4-52) + 1 x (irr-F4-324)
vtx-F04-506-82-36	Δ = 506	bi.bi = 82	b0.bi = 36	3 x (irr-F4-26) + 3 x (irr-F4-52) + 1 x (irr-F4-324)
vtx-F04-506-85-37	Δ = 506	bi.bi = 85	b0.bi = 37	1 x (irr-F4-26) + 4 x (irr-F4-52) + 1 x (irr-F4-324)
vtx-F04-507-55-29	Δ = 507	bi.bi = 55	b0.bi = 29	11 x (irr-F4-26) + 1 x (irr-F4-273)
vtx-F04-507-58-30	Δ = 507	bi.bi = 58	b0.bi = 30	9 x (irr-F4-26) + 1 x (irr-F4-52) + 1 x (irr-F4-273)
vtx-F04-507-61-31	Δ = 507	bi.bi = 61	b0.bi = 31	7 x (irr-F4-26) + 2 x (irr-F4-52) + 1 x (irr-F4-273)
vtx-F04-507-64-32	Δ = 507	bi.bi = 64	b0.bi = 32	5 x (irr-F4-26) + 3 x (irr-F4-52) + 1 x (irr-F4-273)
vtx-F04-507-67-33	Δ = 507	bi.bi = 67	b0.bi = 33	3 x (irr-F4-26) + 4 x (irr-F4-52) + 1 x (irr-F4-273)
vtx-F04-507-70-34	Δ = 507	bi.bi = 70	b0.bi = 34	1 x (irr-F4-26) + 5 x (irr-F4-52) + 1 x (irr-F4-273)
vtx-F04-520-17-19	Δ = 520	bi.bi = 17	b0.bi = 19	22 x (irr-F4-26)
vtx-F04-520-20-20	Δ = 520	bi.bi = 20	b0.bi = 20	20 x (irr-F4-26) + 1 x (irr-F4-52)
vtx-F04-520-23-21	Δ = 520	bi.bi = 23	b0.bi = 21	18 x (irr-F4-26) + 2 x (irr-F4-52)
vtx-F04-520-26-22	Δ = 520	bi.bi = 26	b0.bi = 22	16 x (irr-F4-26) + 3 x (irr-F4-52)
vtx-F04-520-29-23	Δ = 520	bi.bi = 29	b0.bi = 23	14 x (irr-F4-26) + 4 x (irr-F4-52)
vtx-F04-520-32-24	Δ = 520	bi.bi = 32	b0.bi = 24	12 x (irr-F4-26) + 5 x (irr-F4-52)
vtx-F04-520-35-25	Δ = 520	bi.bi = 35	b0.bi = 25	10 x (irr-F4-26) + 6 x (irr-F4-52)
vtx-F04-520-38-26	Δ = 520	bi.bi = 38	b0.bi = 26	8 x (irr-F4-26) + 7 x (irr-F4-52)
vtx-F04-520-41-27	Δ = 520	bi.bi = 41	b0.bi = 27	6 x (irr-F4-26) + 8 x (irr-F4-52)
vtx-F04-520-44-28	Δ = 520	bi.bi = 44	b0.bi = 28	4 x (irr-F4-26) + 9 x (irr-F4-52)
vtx-F04-520-47-29	Δ = 520	bi.bi = 47	b0.bi = 29	2 x (irr-F4-26) + 10 x (irr-F4-52)
vtx-F04-520-50-30	Δ = 520	bi.bi = 50	b0.bi = 30	11 x (irr-F4-52)
vtx-F04-520-94-40	Δ = 520	bi.bi = 94	b0.bi = 40	1 x (irr-F4-26) + 2 x (irr-F4-273)
vtx-F04-532-74-34	Δ = 532	bi.bi = 74	b0.bi = 34	10 x (irr-F4-26) + 1 x (irr-F4-324)
vtx-F04-532-77-35	Δ = 532	bi.bi = 77	b0.bi = 35	8 x (irr-F4-26) + 1 x (irr-F4-52) + 1 x (irr-F4-324)
vtx-F04-532-80-36	Δ = 532	bi.bi = 80	b0.bi = 36	6 x (irr-F4-26) + 2 x (irr-F4-52) + 1 x (irr-F4-324)
vtx-F04-532-83-37	Δ = 532	bi.bi = 83	b0.bi = 37	4 x (irr-F4-26) + 3 x (irr-F4-52) + 1 x (irr-F4-324)
vtx-F04-532-86-38	Δ = 532	bi.bi = 86	b0.bi = 38	2 x (irr-F4-26) + 4 x (irr-F4-52) + 1 x (irr-F4-324)
vtx-F04-532-89-39	Δ = 532	bi.bi = 89	b0.bi = 39	5 x (irr-F4-52) + 1 x (irr-F4-324)
vtx-F04-533-56-30	Δ = 533	bi.bi = 56	b0.bi = 30	12 x (irr-F4-26) + 1 x (irr-F4-273)
vtx-F04-533-59-31	Δ = 533	bi.bi = 59	b0.bi = 31	10 x (irr-F4-26) + 1 x (irr-F4-52) + 1 x (irr-F4-273)
vtx-F04-533-62-32	Δ = 533	bi.bi = 62	b0.bi = 32	8 x (irr-F4-26) + 2 x (irr-F4-52) + 1 x (irr-F4-273)
vtx-F04-533-65-33	Δ = 533	bi.bi = 65	b0.bi = 33	6 x (irr-F4-26) + 3 x (irr-F4-52) + 1 x (irr-F4-273)
vtx-F04-533-68-34	Δ = 533	bi.bi = 68	b0.bi = 34	4 x (irr-F4-26) + 4 x (irr-F4-52) + 1 x (irr-F4-273)
vtx-F04-533-71-35	Δ = 533	bi.bi = 71	b0.bi = 35	2 x (irr-F4-26) + 5 x (irr-F4-52) + 1 x (irr-F4-273)
vtx-F04-533-74-36	Δ = 533	bi.bi = 74	b0.bi = 36	6 x (irr-F4-52) + 1 x (irr-F4-273)
vtx-F04-545-113-45	Δ = 545	bi.bi = 113	b0.bi = 45	1 x (irr-F4-273) + 1 x (irr-F4-324)
vtx-F04-546-18-20	Δ = 546	bi.bi = 18	b0.bi = 20	23 x (irr-F4-26)
vtx-F04-546-21-21	Δ = 546	bi.bi = 21	b0.bi = 21	21 x (irr-F4-26) + 1 x (irr-F4-52)
vtx-F04-546-24-22	Δ = 546	bi.bi = 24	b0.bi = 22	19 x (irr-F4-26) + 2 x (irr-F4-52)
vtx-F04-546-27-23	Δ = 546	bi.bi = 27	b0.bi = 23	17 x (irr-F4-26) + 3 x (irr-F4-52)
vtx-F04-546-30-24	Δ = 546	bi.bi = 30	b0.bi = 24	15 x (irr-F4-26) + 4 x (irr-F4-52)
vtx-F04-546-33-25	Δ = 546	bi.bi = 33	b0.bi = 25	13 x (irr-F4-26) + 5 x (irr-F4-52)
vtx-F04-546-36-26	Δ = 546	bi.bi = 36	b0.bi = 26	11 x (irr-F4-26) + 6 x (irr-F4-52)
vtx-F04-546-39-27	Δ = 546	bi.bi = 39	b0.bi = 27	9 x (irr-F4-26) + 7 x (irr-F4-52)
vtx-F04-546-42-28	Δ = 546	bi.bi = 42	b0.bi = 28	7 x (irr-F4-26) + 8 x (irr-F4-52)
vtx-F04-546-45-29	Δ = 546	bi.bi = 45	b0.bi = 29	5 x (irr-F4-26) + 9 x (irr-F4-52)
vtx-F04-546-48-30	Δ = 546	bi.bi = 48	b0.bi = 30	3 x (irr-F4-26) + 10 x (irr-F4-52)
vtx-F04-546-51-31	Δ = 546	bi.bi = 51	b0.bi = 31	1 x (irr-F4-26) + 11 x (irr-F4-52)
vtx-F04-546-95-41	Δ = 546	bi.bi = 95	b0.bi = 41	2 x (irr-F4-26) + 2 x (irr-F4-273)
vtx-F04-546-98-42	Δ = 546	bi.bi = 98	b0.bi = 42	1 x (irr-F4-52) + 2 x (irr-F4-273)
vtx-F04-558-75-35	Δ = 558	bi.bi = 75	b0.bi = 35	11 x (irr-F4-26) + 1 x (irr-F4-324)
vtx-F04-558-78-36	Δ = 558	bi.bi = 78	b0.bi = 36	9 x (irr-F4-26) + 1 x (irr-F4-52) + 1 x (irr-F4-324)
vtx-F04-558-81-37	Δ = 558	bi.bi = 81	b0.bi = 37	7 x (irr-F4-26) + 2 x (irr-F4-52) + 1 x (irr-F4-324)
vtx-F04-558-84-38	Δ = 558	bi.bi = 84	b0.bi = 38	5 x (irr-F4-26) + 3 x (irr-F4-52) + 1 x (irr-F4-324)
vtx-F04-558-87-39	Δ = 558	bi.bi = 87	b0.bi = 39	3 x (irr-F4-26) + 4 x (irr-F4-52) + 1 x (irr-F4-324)
vtx-F04-558-90-40	Δ = 558	bi.bi = 90	b0.bi = 40	1 x (irr-F4-26) + 5 x (irr-F4-52) + 1 x (irr-F4-324)
vtx-F04-559-57-31	Δ = 559	bi.bi = 57	b0.bi = 31	13 x (irr-F4-26) + 1 x (irr-F4-273)
vtx-F04-559-60-32	Δ = 559	bi.bi = 60	b0.bi = 32	11 x (irr-F4-26) + 1 x (irr-F4-52) + 1 x (irr-F4-273)
vtx-F04-559-63-33	Δ = 559	bi.bi = 63	b0.bi = 33	9 x (irr-F4-26) + 2 x (irr-F4-52) + 1 x (irr-F4-273)
vtx-F04-559-66-34	Δ = 559	bi.bi = 66	b0.bi = 34	7 x (irr-F4-26) + 3 x (irr-F4-52) + 1 x (irr-F4-273)
vtx-F04-559-69-35	Δ = 559	bi.bi = 69	b0.bi = 35	5 x (irr-F4-26) + 4 x (irr-F4-52) + 1 x (irr-F4-273)
vtx-F04-559-72-36	Δ = 559	bi.bi = 72	b0.bi = 36	3 x (irr-F4-26) + 5 x (irr-F4-52) + 1 x (irr-F4-273)
vtx-F04-559-75-37	Δ = 559	bi.bi = 75	b0.bi = 37	1 x (irr-F4-26) + 6 x (irr-F4-52) + 1 x (irr-F4-273)
vtx-F04-571-114-46	Δ = 571	bi.bi = 114	b0.bi = 46	1 x (irr-F4-26) + 1 x (irr-F4-273) + 1 x (irr-F4-324)
vtx-F04-572-19-21	Δ = 572	bi.bi = 19	b0.bi = 21	24 x (irr-F4-26)
vtx-F04-572-22-22	Δ = 572	bi.bi = 22	b0.bi = 22	22 x (irr-F4-26) + 1 x (irr-F4-52)
vtx-F04-572-25-23	Δ = 572	bi.bi = 25	b0.bi = 23	20 x (irr-F4-26) + 2 x (irr-F4-52)
vtx-F04-572-28-24	Δ = 572	bi.bi = 28	b0.bi = 24	18 x (irr-F4-26) + 3 x (irr-F4-52)
vtx-F04-572-31-25	Δ = 572	bi.bi = 31	b0.bi = 25	16 x (irr-F4-26) + 4 x (irr-F4-52)
vtx-F04-572-34-26	Δ = 572	bi.bi = 34	b0.bi = 26	14 x (irr-F4-26) + 5 x (irr-F4-52)
vtx-F04-572-37-27	Δ = 572	bi.bi = 37	b0.bi = 27	12 x (irr-F4-26) + 6 x (irr-F4-52)
vtx-F04-572-40-28	Δ = 572	bi.bi = 40	b0.bi = 28	10 x (irr-F4-26) + 7 x (irr-F4-52)
vtx-F04-572-43-29	Δ = 572	bi.bi = 43	b0.bi = 29	8 x (irr-F4-26) + 8 x (irr-F4-52)
vtx-F04-572-46-30	Δ = 572	bi.bi = 46	b0.bi = 30	6 x (irr-F4-26) + 9 x (irr-F4-52)
vtx-F04-572-49-31	Δ = 572	bi.bi = 49	b0.bi = 31	4 x (irr-F4-26) + 10 x (irr-F4-52)
vtx-F04-572-52-32	Δ = 572	bi.bi = 52	b0.bi = 32	2 x (irr-F4-26) + 11 x (irr-F4-52)
vtx-F04-572-55-33	Δ = 572	bi.bi = 55	b0.bi = 33	12 x (irr-F4-52)
vtx-F04-572-96-42	Δ = 572	bi.bi = 96	b0.bi = 42	3 x (irr-F4-26) + 2 x (irr-F4-273)
vtx-F04-572-99-43	Δ = 572	bi.bi = 99	b0.bi = 43	1 x (irr-F4-26) + 1 x (irr-F4-52) + 2 x (irr-F4-273)
vtx-F04-584-76-36	Δ = 584	bi.bi = 76	b0.bi = 36	12 x (irr-F4-26) + 1 x (irr-F4-324)
vtx-F04-584-79-37	Δ = 584	bi.bi = 79	b0.bi = 37	10 x (irr-F4-26) + 1 x (irr-F4-52) + 1 x (irr-F4-324)
vtx-F04-584-82-38	Δ = 584	bi.bi = 82	b0.bi = 38	8 x (irr-F4-26) + 2 x (irr-F4-52) + 1 x (irr-F4-324)
vtx-F04-584-85-39	Δ = 584	bi.bi = 85	b0.bi = 39	6 x (irr-F4-26) + 3 x (irr-F4-52) + 1 x (irr-F4-324)
vtx-F04-584-88-40	Δ = 584	bi.bi = 88	b0.bi = 40	4 x (irr-F4-26) + 4 x (irr-F4-52) + 1 x (irr-F4-324)
vtx-F04-584-91-41	Δ = 584	bi.bi = 91	b0.bi = 41	2 x (irr-F4-26) + 5 x (irr-F4-52) + 1 x (irr-F4-324)
vtx-F04-584-94-42	Δ = 584	bi.bi = 94	b0.bi = 42	6 x (irr-F4-52) + 1 x (irr-F4-324)
vtx-F04-585-58-32	Δ = 585	bi.bi = 58	b0.bi = 32	14 x (irr-F4-26) + 1 x (irr-F4-273)
vtx-F04-585-61-33	Δ = 585	bi.bi = 61	b0.bi = 33	12 x (irr-F4-26) + 1 x (irr-F4-52) + 1 x (irr-F4-273)
vtx-F04-585-64-34	Δ = 585	bi.bi = 64	b0.bi = 34	10 x (irr-F4-26) + 2 x (irr-F4-52) + 1 x (irr-F4-273)
vtx-F04-585-67-35	Δ = 585	bi.bi = 67	b0.bi = 35	8 x (irr-F4-26) + 3 x (irr-F4-52) + 1 x (irr-F4-273)
vtx-F04-585-70-36	Δ = 585	bi.bi = 70	b0.bi = 36	6 x (irr-F4-26) + 4 x (irr-F4-52) + 1 x (irr-F4-273)
vtx-F04-585-73-37	Δ = 585	bi.bi = 73	b0.bi = 37	4 x (irr-F4-26) + 5 x (irr-F4-52) + 1 x (irr-F4-273)
vtx-F04-585-76-38	Δ = 585	bi.bi = 76	b0.bi = 38	2 x (irr-F4-26) + 6 x (irr-F4-52) + 1 x (irr-F4-273)
vtx-F04-585-79-39	Δ = 585	bi.bi = 79	b0.bi = 39	7 x (irr-F4-52) + 1 x (irr-F4-273)
vtx-F04-596-133-51	Δ = 596	bi.bi = 133	b0.bi = 51	2 x (irr-F4-324)
vtx-F04-597-115-47	Δ = 597	bi.bi = 115	b0.bi = 47	2 x (irr-F4-26) + 1 x (irr-F4-273) + 1 x (irr-F4-324)
vtx-F04-597-118-48	Δ = 597	bi.bi = 118	b0.bi = 48	1 x (irr-F4-52) + 1 x (irr-F4-273) + 1 x (irr-F4-324)
vtx-F04-598-20-22	Δ = 598	bi.bi = 20	b0.bi = 22	25 x (irr-F4-26)
vtx-F04-598-23-23	Δ = 598	bi.bi = 23	b0.bi = 23	23 x (irr-F4-26) + 1 x (irr-F4-52)
vtx-F04-598-26-24	Δ = 598	bi.bi = 26	b0.bi = 24	21 x (irr-F4-26) + 2 x (irr-F4-52)
vtx-F04-598-29-25	Δ = 598	bi.bi = 29	b0.bi = 25	19 x (irr-F4-26) + 3 x (irr-F4-52)
vtx-F04-598-32-26	Δ = 598	bi.bi = 32	b0.bi = 26	17 x (irr-F4-26) + 4 x (irr-F4-52)
vtx-F04-598-35-27	Δ = 598	bi.bi = 35	b0.bi = 27	15 x (irr-F4-26) + 5 x (irr-F4-52)
vtx-F04-598-38-28	Δ = 598	bi.bi = 38	b0.bi = 28	13 x (irr-F4-26) + 6 x (irr-F4-52)
vtx-F04-598-41-29	Δ = 598	bi.bi = 41	b0.bi = 29	11 x (irr-F4-26) + 7 x (irr-F4-52)
vtx-F04-598-44-30	Δ = 598	bi.bi = 44	b0.bi = 30	9 x (irr-F4-26) + 8 x (irr-F4-52)
vtx-F04-598-47-31	Δ = 598	bi.bi = 47	b0.bi = 31	7 x (irr-F4-26) + 9 x (irr-F4-52)
vtx-F04-598-50-32	Δ = 598	bi.bi = 50	b0.bi = 32	5 x (irr-F4-26) + 10 x (irr-F4-52)
vtx-F04-598-53-33	Δ = 598	bi.bi = 53	b0.bi = 33	3 x (irr-F4-26) + 11 x (irr-F4-52)
vtx-F04-598-56-34	Δ = 598	bi.bi = 56	b0.bi = 34	1 x (irr-F4-26) + 12 x (irr-F4-52)
vtx-F04-598-97-43	Δ = 598	bi.bi = 97	b0.bi = 43	4 x (irr-F4-26) + 2 x (irr-F4-273)
vtx-F04-598-100-44	Δ = 598	bi.bi = 100	b0.bi = 44	2 x (irr-F4-26) + 1 x (irr-F4-52) + 2 x (irr-F4-273)
vtx-F04-598-103-45	Δ = 598	bi.bi = 103	b0.bi = 45	2 x (irr-F4-52) + 2 x (irr-F4-273)
vtx-F04-610-77-37	Δ = 610	bi.bi = 77	b0.bi = 37	13 x (irr-F4-26) + 1 x (irr-F4-324)
vtx-F04-610-80-38	Δ = 610	bi.bi = 80	b0.bi = 38	11 x (irr-F4-26) + 1 x (irr-F4-52) + 1 x (irr-F4-324)
vtx-F04-610-83-39	Δ = 610	bi.bi = 83	b0.bi = 39	9 x (irr-F4-26) + 2 x (irr-F4-52) + 1 x (irr-F4-324)
vtx-F04-610-86-40	Δ = 610	bi.bi = 86	b0.bi = 40	7 x (irr-F4-26) + 3 x (irr-F4-52) + 1 x (irr-F4-324)
vtx-F04-610-89-41	Δ = 610	bi.bi = 89	b0.bi = 41	5 x (irr-F4-26) + 4 x (irr-F4-52) + 1 x (irr-F4-324)
vtx-F04-610-92-42	Δ = 610	bi.bi = 92	b0.bi = 42	3 x (irr-F4-26) + 5 x (irr-F4-52) + 1 x (irr-F4-324)
vtx-F04-610-95-43	Δ = 610	bi.bi = 95	b0.bi = 43	1 x (irr-F4-26) + 6 x (irr-F4-52) + 1 x (irr-F4-324)
vtx-F04-611-59-33	Δ = 611	bi.bi = 59	b0.bi = 33	15 x (irr-F4-26) + 1 x (irr-F4-273)
vtx-F04-611-62-34	Δ = 611	bi.bi = 62	b0.bi = 34	13 x (irr-F4-26) + 1 x (irr-F4-52) + 1 x (irr-F4-273)
vtx-F04-611-65-35	Δ = 611	bi.bi = 65	b0.bi = 35	11 x (irr-F4-26) + 2 x (irr-F4-52) + 1 x (irr-F4-273)
vtx-F04-611-68-36	Δ = 611	bi.bi = 68	b0.bi = 36	9 x (irr-F4-26) + 3 x (irr-F4-52) + 1 x (irr-F4-273)
vtx-F04-611-71-37	Δ = 611	bi.bi = 71	b0.bi = 37	7 x (irr-F4-26) + 4 x (irr-F4-52) + 1 x (irr-F4-273)
vtx-F04-611-74-38	Δ = 611	bi.bi = 74	b0.bi = 38	5 x (irr-F4-26) + 5 x (irr-F4-52) + 1 x (irr-F4-273)
vtx-F04-611-77-39	Δ = 611	bi.bi = 77	b0.bi = 39	3 x (irr-F4-26) + 6 x (irr-F4-52) + 1 x (irr-F4-273)
vtx-F04-611-80-40	Δ = 611	bi.bi = 80	b0.bi = 40	1 x (irr-F4-26) + 7 x (irr-F4-52) + 1 x (irr-F4-273)
vtx-F04-622-134-52	Δ = 622	bi.bi = 134	b0.bi = 52	1 x (irr-F4-26) + 2 x (irr-F4-324)
vtx-F04-623-116-48	Δ = 623	bi.bi = 116	b0.bi = 48	3 x (irr-F4-26) + 1 x (irr-F4-273) + 1 x (irr-F4-324)
vtx-F04-623-119-49	Δ = 623	bi.bi = 119	b0.bi = 49	1 x (irr-F4-26) + 1 x (irr-F4-52) + 1 x (irr-F4-273) + 1 x (irr-F4-324)
vtx-F04-624-21-23	Δ = 624	bi.bi = 21	b0.bi = 23	26 x (irr-F4-26)
vtx-F04-624-24-24	Δ = 624	bi.bi = 24	b0.bi = 24	24 x (irr-F4-26) + 1 x (irr-F4-52)
vtx-F04-624-27-25	Δ = 624	bi.bi = 27	b0.bi = 25	22 x (irr-F4-26) + 2 x (irr-F4-52)
vtx-F04-624-30-26	Δ = 624	bi.bi = 30	b0.bi = 26	20 x (irr-F4-26) + 3 x (irr-F4-52)
vtx-F04-624-33-27	Δ = 624	bi.bi = 33	b0.bi = 27	18 x (irr-F4-26) + 4 x (irr-F4-52)
vtx-F04-624-36-28	Δ = 624	bi.bi = 36	b0.bi = 28	16 x (irr-F4-26) + 5 x (irr-F4-52)
vtx-F04-624-39-29	Δ = 624	bi.bi = 39	b0.bi = 29	14 x (irr-F4-26) + 6 x (irr-F4-52)
vtx-F04-624-42-30	Δ = 624	bi.bi = 42	b0.bi = 30	12 x (irr-F4-26) + 7 x (irr-F4-52)
vtx-F04-624-45-31	Δ = 624	bi.bi = 45	b0.bi = 31	10 x (irr-F4-26) + 8 x (irr-F4-52)
vtx-F04-624-48-32	Δ = 624	bi.bi = 48	b0.bi = 32	8 x (irr-F4-26) + 9 x (irr-F4-52)
vtx-F04-624-51-33	Δ = 624	bi.bi = 51	b0.bi = 33	6 x (irr-F4-26) + 10 x (irr-F4-52)
vtx-F04-624-54-34	Δ = 624	bi.bi = 54	b0.bi = 34	4 x (irr-F4-26) + 11 x (irr-F4-52)
vtx-F04-624-57-35	Δ = 624	bi.bi = 57	b0.bi = 35	2 x (irr-F4-26) + 12 x (irr-F4-52)
vtx-F04-624-60-36	Δ = 624	bi.bi = 60	b0.bi = 36	13 x (irr-F4-52)
vtx-F04-624-98-44	Δ = 624	bi.bi = 98	b0.bi = 44	5 x (irr-F4-26) + 2 x (irr-F4-273)
vtx-F04-624-101-45	Δ = 624	bi.bi = 101	b0.bi = 45	3 x (irr-F4-26) + 1 x (irr-F4-52) + 2 x (irr-F4-273)
vtx-F04-624-104-46	Δ = 624	bi.bi = 104	b0.bi = 46	1 x (irr-F4-26) + 2 x (irr-F4-52) + 2 x (irr-F4-273)
vtx-F04-636-78-38	Δ = 636	bi.bi = 78	b0.bi = 38	14 x (irr-F4-26) + 1 x (irr-F4-324)
vtx-F04-636-81-39	Δ = 636	bi.bi = 81	b0.bi = 39	12 x (irr-F4-26) + 1 x (irr-F4-52) + 1 x (irr-F4-324)
vtx-F04-636-84-40	Δ = 636	bi.bi = 84	b0.bi = 40	10 x (irr-F4-26) + 2 x (irr-F4-52) + 1 x (irr-F4-324)
vtx-F04-636-87-41	Δ = 636	bi.bi = 87	b0.bi = 41	8 x (irr-F4-26) + 3 x (irr-F4-52) + 1 x (irr-F4-324)
vtx-F04-636-90-42	Δ = 636	bi.bi = 90	b0.bi = 42	6 x (irr-F4-26) + 4 x (irr-F4-52) + 1 x (irr-F4-324)
vtx-F04-636-93-43	Δ = 636	bi.bi = 93	b0.bi = 43	4 x (irr-F4-26) + 5 x (irr-F4-52) + 1 x (irr-F4-324)
vtx-F04-636-96-44	Δ = 636	bi.bi = 96	b0.bi = 44	2 x (irr-F4-26) + 6 x (irr-F4-52) + 1 x (irr-F4-324)
vtx-F04-636-99-45	Δ = 636	bi.bi = 99	b0.bi = 45	7 x (irr-F4-52) + 1 x (irr-F4-324)
vtx-F04-637-60-34	Δ = 637	bi.bi = 60	b0.bi = 34	16 x (irr-F4-26) + 1 x (irr-F4-273)
vtx-F04-637-63-35	Δ = 637	bi.bi = 63	b0.bi = 35	14 x (irr-F4-26) + 1 x (irr-F4-52) + 1 x (irr-F4-273)
vtx-F04-637-66-36	Δ = 637	bi.bi = 66	b0.bi = 36	12 x (irr-F4-26) + 2 x (irr-F4-52) + 1 x (irr-F4-273)
vtx-F04-637-69-37	Δ = 637	bi.bi = 69	b0.bi = 37	10 x (irr-F4-26) + 3 x (irr-F4-52) + 1 x (irr-F4-273)
vtx-F04-637-72-38	Δ = 637	bi.bi = 72	b0.bi = 38	8 x (irr-F4-26) + 4 x (irr-F4-52) + 1 x (irr-F4-273)
vtx-F04-637-75-39	Δ = 637	bi.bi = 75	b0.bi = 39	6 x (irr-F4-26) + 5 x (irr-F4-52) + 1 x (irr-F4-273)
vtx-F04-637-78-40	Δ = 637	bi.bi = 78	b0.bi = 40	4 x (irr-F4-26) + 6 x (irr-F4-52) + 1 x (irr-F4-273)
vtx-F04-637-81-41	Δ = 637	bi.bi = 81	b0.bi = 41	2 x (irr-F4-26) + 7 x (irr-F4-52) + 1 x (irr-F4-273)
vtx-F04-637-84-42	Δ = 637	bi.bi = 84	b0.bi = 42	8 x (irr-F4-52) + 1 x (irr-F4-273)
vtx-F04-648-135-53	Δ = 648	bi.bi = 135	b0.bi = 53	2 x (irr-F4-26) + 2 x (irr-F4-324)
vtx-F04-648-138-54	Δ = 648	bi.bi = 138	b0.bi = 54	1 x (irr-F4-52) + 2 x (irr-F4-324)
vtx-F04-649-117-49	Δ = 649	bi.bi = 117	b0.bi = 49	4 x (irr-F4-26) + 1 x (irr-F4-273) + 1 x (irr-F4-324)
vtx-F04-649-120-50	Δ = 649	bi.bi = 120	b0.bi = 50	2 x (irr-F4-26) + 1 x (irr-F4-52) + 1 x (irr-F4-273) + 1 x (irr-F4-324)
vtx-F04-649-123-51	Δ = 649	bi.bi = 123	b0.bi = 51	2 x (irr-F4-52) + 1 x (irr-F4-273) + 1 x (irr-F4-324)
vtx-F04-650-22-24	Δ = 650	bi.bi = 22	b0.bi = 24	27 x (irr-F4-26)
vtx-F04-650-25-25	Δ = 650	bi.bi = 25	b0.bi = 25	25 x (irr-F4-26) + 1 x (irr-F4-52)
vtx-F04-650-28-26	Δ = 650	bi.bi = 28	b0.bi = 26	23 x (irr-F4-26) + 2 x (irr-F4-52)
vtx-F04-650-31-27	Δ = 650	bi.bi = 31	b0.bi = 27	21 x (irr-F4-26) + 3 x (irr-F4-52)
vtx-F04-650-34-28	Δ = 650	bi.bi = 34	b0.bi = 28	19 x (irr-F4-26) + 4 x (irr-F4-52)
vtx-F04-650-37-29	Δ = 650	bi.bi = 37	b0.bi = 29	17 x (irr-F4-26) + 5 x (irr-F4-52)
vtx-F04-650-40-30	Δ = 650	bi.bi = 40	b0.bi = 30	15 x (irr-F4-26) + 6 x (irr-F4-52)
vtx-F04-650-43-31	Δ = 650	bi.bi = 43	b0.bi = 31	13 x (irr-F4-26) + 7 x (irr-F4-52)
vtx-F04-650-46-32	Δ = 650	bi.bi = 46	b0.bi = 32	11 x (irr-F4-26) + 8 x (irr-F4-52)
vtx-F04-650-49-33	Δ = 650	bi.bi = 49	b0.bi = 33	9 x (irr-F4-26) + 9 x (irr-F4-52)
vtx-F04-650-52-34	Δ = 650	bi.bi = 52	b0.bi = 34	7 x (irr-F4-26) + 10 x (irr-F4-52)
vtx-F04-650-55-35	Δ = 650	bi.bi = 55	b0.bi = 35	5 x (irr-F4-26) + 11 x (irr-F4-52)
vtx-F04-650-58-36	Δ = 650	bi.bi = 58	b0.bi = 36	3 x (irr-F4-26) + 12 x (irr-F4-52)
vtx-F04-650-61-37	Δ = 650	bi.bi = 61	b0.bi = 37	1 x (irr-F4-26) + 13 x (irr-F4-52)
vtx-F04-650-99-45	Δ = 650	bi.bi = 99	b0.bi = 45	6 x (irr-F4-26) + 2 x (irr-F4-273)
vtx-F04-650-102-46	Δ = 650	bi.bi = 102	b0.bi = 46	4 x (irr-F4-26) + 1 x (irr-F4-52) + 2 x (irr-F4-273)
vtx-F04-650-105-47	Δ = 650	bi.bi = 105	b0.bi = 47	2 x (irr-F4-26) + 2 x (irr-F4-52) + 2 x (irr-F4-273)
vtx-F04-650-108-48	Δ = 650	bi.bi = 108	b0.bi = 48	3 x (irr-F4-52) + 2 x (irr-F4-273)
vtx-F04-662-79-39	Δ = 662	bi.bi = 79	b0.bi = 39	15 x (irr-F4-26) + 1 x (irr-F4-324)
vtx-F04-662-82-40	Δ = 662	bi.bi = 82	b0.bi = 40	13 x (irr-F4-26) + 1 x (irr-F4-52) + 1 x (irr-F4-324)
vtx-F04-662-85-41	Δ = 662	bi.bi = 85	b0.bi = 41	11 x (irr-F4-26) + 2 x (irr-F4-52) + 1 x (irr-F4-324)
vtx-F04-662-88-42	Δ = 662	bi.bi = 88	b0.bi = 42	9 x (irr-F4-26) + 3 x (irr-F4-52) + 1 x (irr-F4-324)
vtx-F04-662-91-43	Δ = 662	bi.bi = 91	b0.bi = 43	7 x (irr-F4-26) + 4 x (irr-F4-52) + 1 x (irr-F4-324)
vtx-F04-662-94-44	Δ = 662	bi.bi = 94	b0.bi = 44	5 x (irr-F4-26) + 5 x (irr-F4-52) + 1 x (irr-F4-324)
vtx-F04-662-97-45	Δ = 662	bi.bi = 97	b0.bi = 45	3 x (irr-F4-26) + 6 x (irr-F4-52) + 1 x (irr-F4-324)
vtx-F04-662-100-46	Δ = 662	bi.bi = 100	b0.bi = 46	1 x (irr-F4-26) + 7 x (irr-F4-52) + 1 x (irr-F4-324)
vtx-F04-663-61-35	Δ = 663	bi.bi = 61	b0.bi = 35	17 x (irr-F4-26) + 1 x (irr-F4-273)
vtx-F04-663-64-36	Δ = 663	bi.bi = 64	b0.bi = 36	15 x (irr-F4-26) + 1 x (irr-F4-52) + 1 x (irr-F4-273)
vtx-F04-663-67-37	Δ = 663	bi.bi = 67	b0.bi = 37	13 x (irr-F4-26) + 2 x (irr-F4-52) + 1 x (irr-F4-273)
vtx-F04-663-70-38	Δ = 663	bi.bi = 70	b0.bi = 38	11 x (irr-F4-26) + 3 x (irr-F4-52) + 1 x (irr-F4-273)
vtx-F04-663-73-39	Δ = 663	bi.bi = 73	b0.bi = 39	9 x (irr-F4-26) + 4 x (irr-F4-52) + 1 x (irr-F4-273)
vtx-F04-663-76-40	Δ = 663	bi.bi = 76	b0.bi = 40	7 x (irr-F4-26) + 5 x (irr-F4-52) + 1 x (irr-F4-273)
vtx-F04-663-79-41	Δ = 663	bi.bi = 79	b0.bi = 41	5 x (irr-F4-26) + 6 x (irr-F4-52) + 1 x (irr-F4-273)
vtx-F04-663-82-42	Δ = 663	bi.bi = 82	b0.bi = 42	3 x (irr-F4-26) + 7 x (irr-F4-52) + 1 x (irr-F4-273)
vtx-F04-663-85-43	Δ = 663	bi.bi = 85	b0.bi = 43	1 x (irr-F4-26) + 8 x (irr-F4-52) + 1 x (irr-F4-273)
vtx-F04-674-136-54	Δ = 674	bi.bi = 136	b0.bi = 54	3 x (irr-F4-26) + 2 x (irr-F4-324)
vtx-F04-674-139-55	Δ = 674	bi.bi = 139	b0.bi = 55	1 x (irr-F4-26) + 1 x (irr-F4-52) + 2 x (irr-F4-324)
vtx-F04-675-118-50	Δ = 675	bi.bi = 118	b0.bi = 50	5 x (irr-F4-26) + 1 x (irr-F4-273) + 1 x (irr-F4-324)
vtx-F04-675-121-51	Δ = 675	bi.bi = 121	b0.bi = 51	3 x (irr-F4-26) + 1 x (irr-F4-52) + 1 x (irr-F4-273) + 1 x (irr-F4-324)
vtx-F04-675-124-52	Δ = 675	bi.bi = 124	b0.bi = 52	1 x (irr-F4-26) + 2 x (irr-F4-52) + 1 x (irr-F4-273) + 1 x (irr-F4-324)
vtx-F04-676-23-25	Δ = 676	bi.bi = 23	b0.bi = 25	28 x (irr-F4-26)
vtx-F04-676-26-26	Δ = 676	bi.bi = 26	b0.bi = 26	26 x (irr-F4-26) + 1 x (irr-F4-52)
vtx-F04-676-29-27	Δ = 676	bi.bi = 29	b0.bi = 27	24 x (irr-F4-26) + 2 x (irr-F4-52)
vtx-F04-676-32-28	Δ = 676	bi.bi = 32	b0.bi = 28	22 x (irr-F4-26) + 3 x (irr-F4-52)
vtx-F04-676-35-29	Δ = 676	bi.bi = 35	b0.bi = 29	20 x (irr-F4-26) + 4 x (irr-F4-52)
vtx-F04-676-38-30	Δ = 676	bi.bi = 38	b0.bi = 30	18 x (irr-F4-26) + 5 x (irr-F4-52)
vtx-F04-676-41-31	Δ = 676	bi.bi = 41	b0.bi = 31	16 x (irr-F4-26) + 6 x (irr-F4-52)
vtx-F04-676-44-32	Δ = 676	bi.bi = 44	b0.bi = 32	14 x (irr-F4-26) + 7 x (irr-F4-52)
vtx-F04-676-47-33	Δ = 676	bi.bi = 47	b0.bi = 33	12 x (irr-F4-26) + 8 x (irr-F4-52)
vtx-F04-676-50-34	Δ = 676	bi.bi = 50	b0.bi = 34	10 x (irr-F4-26) + 9 x (irr-F4-52)
vtx-F04-676-53-35	Δ = 676	bi.bi = 53	b0.bi = 35	8 x (irr-F4-26) + 10 x (irr-F4-52)
vtx-F04-676-56-36	Δ = 676	bi.bi = 56	b0.bi = 36	6 x (irr-F4-26) + 11 x (irr-F4-52)
vtx-F04-676-59-37	Δ = 676	bi.bi = 59	b0.bi = 37	4 x (irr-F4-26) + 12 x (irr-F4-52)
vtx-F04-676-62-38	Δ = 676	bi.bi = 62	b0.bi = 38	2 x (irr-F4-26) + 13 x (irr-F4-52)
vtx-F04-676-65-39	Δ = 676	bi.bi = 65	b0.bi = 39	14 x (irr-F4-52)
vtx-F04-676-100-46	Δ = 676	bi.bi = 100	b0.bi = 46	7 x (irr-F4-26) + 2 x (irr-F4-273)
vtx-F04-676-103-47	Δ = 676	bi.bi = 103	b0.bi = 47	5 x (irr-F4-26) + 1 x (irr-F4-52) + 2 x (irr-F4-273)
vtx-F04-676-106-48	Δ = 676	bi.bi = 106	b0.bi = 48	3 x (irr-F4-26) + 2 x (irr-F4-52) + 2 x (irr-F4-273)
vtx-F04-676-109-49	Δ = 676	bi.bi = 109	b0.bi = 49	1 x (irr-F4-26) + 3 x (irr-F4-52) + 2 x (irr-F4-273)
vtx-F04-688-80-40	Δ = 688	bi.bi = 80	b0.bi = 40	16 x (irr-F4-26) + 1 x (irr-F4-324)
vtx-F04-688-83-41	Δ = 688	bi.bi = 83	b0.bi = 41	14 x (irr-F4-26) + 1 x (irr-F4-52) + 1 x (irr-F4-324)
vtx-F04-688-86-42	Δ = 688	bi.bi = 86	b0.bi = 42	12 x (irr-F4-26) + 2 x (irr-F4-52) + 1 x (irr-F4-324)
vtx-F04-688-89-43	Δ = 688	bi.bi = 89	b0.bi = 43	10 x (irr-F4-26) + 3 x (irr-F4-52) + 1 x (irr-F4-324)
vtx-F04-688-92-44	Δ = 688	bi.bi = 92	b0.bi = 44	8 x (irr-F4-26) + 4 x (irr-F4-52) + 1 x (irr-F4-324)
vtx-F04-688-95-45	Δ = 688	bi.bi = 95	b0.bi = 45	6 x (irr-F4-26) + 5 x (irr-F4-52) + 1 x (irr-F4-324)
vtx-F04-688-98-46	Δ = 688	bi.bi = 98	b0.bi = 46	4 x (irr-F4-26) + 6 x (irr-F4-52) + 1 x (irr-F4-324)
vtx-F04-688-101-47	Δ = 688	bi.bi = 101	b0.bi = 47	2 x (irr-F4-26) + 7 x (irr-F4-52) + 1 x (irr-F4-324)
vtx-F04-688-104-48	Δ = 688	bi.bi = 104	b0.bi = 48	8 x (irr-F4-52) + 1 x (irr-F4-324)
vtx-F04-689-62-36	Δ = 689	bi.bi = 62	b0.bi = 36	18 x (irr-F4-26) + 1 x (irr-F4-273)
vtx-F04-689-65-37	Δ = 689	bi.bi = 65	b0.bi = 37	16 x (irr-F4-26) + 1 x (irr-F4-52) + 1 x (irr-F4-273)
vtx-F04-689-68-38	Δ = 689	bi.bi = 68	b0.bi = 38	14 x (irr-F4-26) + 2 x (irr-F4-52) + 1 x (irr-F4-273)
vtx-F04-689-71-39	Δ = 689	bi.bi = 71	b0.bi = 39	12 x (irr-F4-26) + 3 x (irr-F4-52) + 1 x (irr-F4-273)
vtx-F04-689-74-40	Δ = 689	bi.bi = 74	b0.bi = 40	10 x (irr-F4-26) + 4 x (irr-F4-52) + 1 x (irr-F4-273)
vtx-F04-689-77-41	Δ = 689	bi.bi = 77	b0.bi = 41	8 x (irr-F4-26) + 5 x (irr-F4-52) + 1 x (irr-F4-273)
vtx-F04-689-80-42	Δ = 689	bi.bi = 80	b0.bi = 42	6 x (irr-F4-26) + 6 x (irr-F4-52) + 1 x (irr-F4-273)
vtx-F04-689-83-43	Δ = 689	bi.bi = 83	b0.bi = 43	4 x (irr-F4-26) + 7 x (irr-F4-52) + 1 x (irr-F4-273)
vtx-F04-689-86-44	Δ = 689	bi.bi = 86	b0.bi = 44	2 x (irr-F4-26) + 8 x (irr-F4-52) + 1 x (irr-F4-273)
vtx-F04-689-89-45	Δ = 689	bi.bi = 89	b0.bi = 45	9 x (irr-F4-52) + 1 x (irr-F4-273)
vtx-F04-700-137-55	Δ = 700	bi.bi = 137	b0.bi = 55	4 x (irr-F4-26) + 2 x (irr-F4-324)
vtx-F04-700-140-56	Δ = 700	bi.bi = 140	b0.bi = 56	2 x (irr-F4-26) + 1 x (irr-F4-52) + 2 x (irr-F4-324)
vtx-F04-700-143-57	Δ = 700	bi.bi = 143	b0.bi = 57	2 x (irr-F4-52) + 2 x (irr-F4-324)
vtx-F04-701-119-51	Δ = 701	bi.bi = 119	b0.bi = 51	6 x (irr-F4-26) + 1 x (irr-F4-273) + 1 x (irr-F4-324)
vtx-F04-701-122-52	Δ = 701	bi.bi = 122	b0.bi = 52	4 x (irr-F4-26) + 1 x (irr-F4-52) + 1 x (irr-F4-273) + 1 x (irr-F4-324)
vtx-F04-701-125-53	Δ = 701	bi.bi = 125	b0.bi = 53	2 x (irr-F4-26) + 2 x (irr-F4-52) + 1 x (irr-F4-273) + 1 x (irr-F4-324)
vtx-F04-701-128-54	Δ = 701	bi.bi = 128	b0.bi = 54	3 x (irr-F4-52) + 1 x (irr-F4-273) + 1 x (irr-F4-324)
vtx-F04-702-24-26	Δ = 702	bi.bi = 24	b0.bi = 26	29 x (irr-F4-26)
vtx-F04-702-27-27	Δ = 702	bi.bi = 27	b0.bi = 27	27 x (irr-F4-26) + 1 x (irr-F4-52)
vtx-F04-702-30-28	Δ = 702	bi.bi = 30	b0.bi = 28	25 x (irr-F4-26) + 2 x (irr-F4-52)
vtx-F04-702-33-29	Δ = 702	bi.bi = 33	b0.bi = 29	23 x (irr-F4-26) + 3 x (irr-F4-52)
vtx-F04-702-36-30	Δ = 702	bi.bi = 36	b0.bi = 30	21 x (irr-F4-26) + 4 x (irr-F4-52)
vtx-F04-702-39-31	Δ = 702	bi.bi = 39	b0.bi = 31	19 x (irr-F4-26) + 5 x (irr-F4-52)
vtx-F04-702-42-32	Δ = 702	bi.bi = 42	b0.bi = 32	17 x (irr-F4-26) + 6 x (irr-F4-52)
vtx-F04-702-45-33	Δ = 702	bi.bi = 45	b0.bi = 33	15 x (irr-F4-26) + 7 x (irr-F4-52)
vtx-F04-702-48-34	Δ = 702	bi.bi = 48	b0.bi = 34	13 x (irr-F4-26) + 8 x (irr-F4-52)
vtx-F04-702-51-35	Δ = 702	bi.bi = 51	b0.bi = 35	11 x (irr-F4-26) + 9 x (irr-F4-52)
vtx-F04-702-54-36	Δ = 702	bi.bi = 54	b0.bi = 36	9 x (irr-F4-26) + 10 x (irr-F4-52)
vtx-F04-702-57-37	Δ = 702	bi.bi = 57	b0.bi = 37	7 x (irr-F4-26) + 11 x (irr-F4-52)
vtx-F04-702-60-38	Δ = 702	bi.bi = 60	b0.bi = 38	5 x (irr-F4-26) + 12 x (irr-F4-52)
vtx-F04-702-63-39	Δ = 702	bi.bi = 63	b0.bi = 39	3 x (irr-F4-26) + 13 x (irr-F4-52)
vtx-F04-702-66-40	Δ = 702	bi.bi = 66	b0.bi = 40	1 x (irr-F4-26) + 14 x (irr-F4-52)
vtx-F04-702-101-47	Δ = 702	bi.bi = 101	b0.bi = 47	8 x (irr-F4-26) + 2 x (irr-F4-273)
vtx-F04-702-104-48	Δ = 702	bi.bi = 104	b0.bi = 48	6 x (irr-F4-26) + 1 x (irr-F4-52) + 2 x (irr-F4-273)
vtx-F04-702-107-49	Δ = 702	bi.bi = 107	b0.bi = 49	4 x (irr-F4-26) + 2 x (irr-F4-52) + 2 x (irr-F4-273)
vtx-F04-702-110-50	Δ = 702	bi.bi = 110	b0.bi = 50	2 x (irr-F4-26) + 3 x (irr-F4-52) + 2 x (irr-F4-273)
vtx-F04-702-113-51	Δ = 702	bi.bi = 113	b0.bi = 51	4 x (irr-F4-52) + 2 x (irr-F4-273)
vtx-F04-714-81-41	Δ = 714	bi.bi = 81	b0.bi = 41	17 x (irr-F4-26) + 1 x (irr-F4-324)
vtx-F04-714-84-42	Δ = 714	bi.bi = 84	b0.bi = 42	15 x (irr-F4-26) + 1 x (irr-F4-52) + 1 x (irr-F4-324)
vtx-F04-714-87-43	Δ = 714	bi.bi = 87	b0.bi = 43	13 x (irr-F4-26) + 2 x (irr-F4-52) + 1 x (irr-F4-324)
vtx-F04-714-90-44	Δ = 714	bi.bi = 90	b0.bi = 44	11 x (irr-F4-26) + 3 x (irr-F4-52) + 1 x (irr-F4-324)
vtx-F04-714-93-45	Δ = 714	bi.bi = 93	b0.bi = 45	9 x (irr-F4-26) + 4 x (irr-F4-52) + 1 x (irr-F4-324)
vtx-F04-714-96-46	Δ = 714	bi.bi = 96	b0.bi = 46	7 x (irr-F4-26) + 5 x (irr-F4-52) + 1 x (irr-F4-324)
vtx-F04-714-99-47	Δ = 714	bi.bi = 99	b0.bi = 47	5 x (irr-F4-26) + 6 x (irr-F4-52) + 1 x (irr-F4-324)
vtx-F04-714-102-48	Δ = 714	bi.bi = 102	b0.bi = 48	3 x (irr-F4-26) + 7 x (irr-F4-52) + 1 x (irr-F4-324)
vtx-F04-714-105-49	Δ = 714	bi.bi = 105	b0.bi = 49	1 x (irr-F4-26) + 8 x (irr-F4-52) + 1 x (irr-F4-324)
vtx-F04-715-63-37	Δ = 715	bi.bi = 63	b0.bi = 37	19 x (irr-F4-26) + 1 x (irr-F4-273)
vtx-F04-715-66-38	Δ = 715	bi.bi = 66	b0.bi = 38	17 x (irr-F4-26) + 1 x (irr-F4-52) + 1 x (irr-F4-273)
vtx-F04-715-69-39	Δ = 715	bi.bi = 69	b0.bi = 39	15 x (irr-F4-26) + 2 x (irr-F4-52) + 1 x (irr-F4-273)
vtx-F04-715-72-40	Δ = 715	bi.bi = 72	b0.bi = 40	13 x (irr-F4-26) + 3 x (irr-F4-52) + 1 x (irr-F4-273)
vtx-F04-715-75-41	Δ = 715	bi.bi = 75	b0.bi = 41	11 x (irr-F4-26) + 4 x (irr-F4-52) + 1 x (irr-F4-273)
vtx-F04-715-78-42	Δ = 715	bi.bi = 78	b0.bi = 42	9 x (irr-F4-26) + 5 x (irr-F4-52) + 1 x (irr-F4-273)
vtx-F04-715-81-43	Δ = 715	bi.bi = 81	b0.bi = 43	7 x (irr-F4-26) + 6 x (irr-F4-52) + 1 x (irr-F4-273)
vtx-F04-715-84-44	Δ = 715	bi.bi = 84	b0.bi = 44	5 x (irr-F4-26) + 7 x (irr-F4-52) + 1 x (irr-F4-273)
vtx-F04-715-87-45	Δ = 715	bi.bi = 87	b0.bi = 45	3 x (irr-F4-26) + 8 x (irr-F4-52) + 1 x (irr-F4-273)
vtx-F04-715-90-46	Δ = 715	bi.bi = 90	b0.bi = 46	1 x (irr-F4-26) + 9 x (irr-F4-52) + 1 x (irr-F4-273)
vtx-F04-726-138-56	Δ = 726	bi.bi = 138	b0.bi = 56	5 x (irr-F4-26) + 2 x (irr-F4-324)
vtx-F04-726-141-57	Δ = 726	bi.bi = 141	b0.bi = 57	3 x (irr-F4-26) + 1 x (irr-F4-52) + 2 x (irr-F4-324)
vtx-F04-726-144-58	Δ = 726	bi.bi = 144	b0.bi = 58	1 x (irr-F4-26) + 2 x (irr-F4-52) + 2 x (irr-F4-324)
vtx-F04-727-120-52	Δ = 727	bi.bi = 120	b0.bi = 52	7 x (irr-F4-26) + 1 x (irr-F4-273) + 1 x (irr-F4-324)
vtx-F04-727-123-53	Δ = 727	bi.bi = 123	b0.bi = 53	5 x (irr-F4-26) + 1 x (irr-F4-52) + 1 x (irr-F4-273) + 1 x (irr-F4-324)
vtx-F04-727-126-54	Δ = 727	bi.bi = 126	b0.bi = 54	3 x (irr-F4-26) + 2 x (irr-F4-52) + 1 x (irr-F4-273) + 1 x (irr-F4-324)
vtx-F04-727-129-55	Δ = 727	bi.bi = 129	b0.bi = 55	1 x (irr-F4-26) + 3 x (irr-F4-52) + 1 x (irr-F4-273) + 1 x (irr-F4-324)
vtx-F04-728-25-27	Δ = 728	bi.bi = 25	b0.bi = 27	30 x (irr-F4-26)
vtx-F04-728-28-28	Δ = 728	bi.bi = 28	b0.bi = 28	28 x (irr-F4-26) + 1 x (irr-F4-52)
vtx-F04-728-31-29	Δ = 728	bi.bi = 31	b0.bi = 29	26 x (irr-F4-26) + 2 x (irr-F4-52)
vtx-F04-728-34-30	Δ = 728	bi.bi = 34	b0.bi = 30	24 x (irr-F4-26) + 3 x (irr-F4-52)
vtx-F04-728-37-31	Δ = 728	bi.bi = 37	b0.bi = 31	22 x (irr-F4-26) + 4 x (irr-F4-52)
vtx-F04-728-40-32	Δ = 728	bi.bi = 40	b0.bi = 32	20 x (irr-F4-26) + 5 x (irr-F4-52)
vtx-F04-728-43-33	Δ = 728	bi.bi = 43	b0.bi = 33	18 x (irr-F4-26) + 6 x (irr-F4-52)
vtx-F04-728-46-34	Δ = 728	bi.bi = 46	b0.bi = 34	16 x (irr-F4-26) + 7 x (irr-F4-52)
vtx-F04-728-49-35	Δ = 728	bi.bi = 49	b0.bi = 35	14 x (irr-F4-26) + 8 x (irr-F4-52)
vtx-F04-728-52-36	Δ = 728	bi.bi = 52	b0.bi = 36	12 x (irr-F4-26) + 9 x (irr-F4-52)
vtx-F04-728-55-37	Δ = 728	bi.bi = 55	b0.bi = 37	10 x (irr-F4-26) + 10 x (irr-F4-52)
vtx-F04-728-58-38	Δ = 728	bi.bi = 58	b0.bi = 38	8 x (irr-F4-26) + 11 x (irr-F4-52)
vtx-F04-728-61-39	Δ = 728	bi.bi = 61	b0.bi = 39	6 x (irr-F4-26) + 12 x (irr-F4-52)
vtx-F04-728-64-40	Δ = 728	bi.bi = 64	b0.bi = 40	4 x (irr-F4-26) + 13 x (irr-F4-52)
vtx-F04-728-67-41	Δ = 728	bi.bi = 67	b0.bi = 41	2 x (irr-F4-26) + 14 x (irr-F4-52)
vtx-F04-728-70-42	Δ = 728	bi.bi = 70	b0.bi = 42	15 x (irr-F4-52)
vtx-F04-728-102-48	Δ = 728	bi.bi = 102	b0.bi = 48	9 x (irr-F4-26) + 2 x (irr-F4-273)
vtx-F04-728-105-49	Δ = 728	bi.bi = 105	b0.bi = 49	7 x (irr-F4-26) + 1 x (irr-F4-52) + 2 x (irr-F4-273)
vtx-F04-728-108-50	Δ = 728	bi.bi = 108	b0.bi = 50	5 x (irr-F4-26) + 2 x (irr-F4-52) + 2 x (irr-F4-273)
vtx-F04-728-111-51	Δ = 728	bi.bi = 111	b0.bi = 51	3 x (irr-F4-26) + 3 x (irr-F4-52) + 2 x (irr-F4-273)
vtx-F04-728-114-52	Δ = 728	bi.bi = 114	b0.bi = 52	1 x (irr-F4-26) + 4 x (irr-F4-52) + 2 x (irr-F4-273)
vtx-F04-740-82-42	Δ = 740	bi.bi = 82	b0.bi = 42	18 x (irr-F4-26) + 1 x (irr-F4-324)
vtx-F04-740-85-43	Δ = 740	bi.bi = 85	b0.bi = 43	16 x (irr-F4-26) + 1 x (irr-F4-52) + 1 x (irr-F4-324)
vtx-F04-740-88-44	Δ = 740	bi.bi = 88	b0.bi = 44	14 x (irr-F4-26) + 2 x (irr-F4-52) + 1 x (irr-F4-324)
vtx-F04-740-91-45	Δ = 740	bi.bi = 91	b0.bi = 45	12 x (irr-F4-26) + 3 x (irr-F4-52) + 1 x (irr-F4-324)
vtx-F04-740-94-46	Δ = 740	bi.bi = 94	b0.bi = 46	10 x (irr-F4-26) + 4 x (irr-F4-52) + 1 x (irr-F4-324)
vtx-F04-740-97-47	Δ = 740	bi.bi = 97	b0.bi = 47	8 x (irr-F4-26) + 5 x (irr-F4-52) + 1 x (irr-F4-324)
vtx-F04-740-100-48	Δ = 740	bi.bi = 100	b0.bi = 48	6 x (irr-F4-26) + 6 x (irr-F4-52) + 1 x (irr-F4-324)
vtx-F04-740-103-49	Δ = 740	bi.bi = 103	b0.bi = 49	4 x (irr-F4-26) + 7 x (irr-F4-52) + 1 x (irr-F4-324)
vtx-F04-740-106-50	Δ = 740	bi.bi = 106	b0.bi = 50	2 x (irr-F4-26) + 8 x (irr-F4-52) + 1 x (irr-F4-324)
vtx-F04-740-109-51	Δ = 740	bi.bi = 109	b0.bi = 51	9 x (irr-F4-52) + 1 x (irr-F4-324)
vtx-F04-741-64-38	Δ = 741	bi.bi = 64	b0.bi = 38	20 x (irr-F4-26) + 1 x (irr-F4-273)
vtx-F04-741-67-39	Δ = 741	bi.bi = 67	b0.bi = 39	18 x (irr-F4-26) + 1 x (irr-F4-52) + 1 x (irr-F4-273)
vtx-F04-741-70-40	Δ = 741	bi.bi = 70	b0.bi = 40	16 x (irr-F4-26) + 2 x (irr-F4-52) + 1 x (irr-F4-273)
vtx-F04-741-73-41	Δ = 741	bi.bi = 73	b0.bi = 41	14 x (irr-F4-26) + 3 x (irr-F4-52) + 1 x (irr-F4-273)
vtx-F04-741-76-42	Δ = 741	bi.bi = 76	b0.bi = 42	12 x (irr-F4-26) + 4 x (irr-F4-52) + 1 x (irr-F4-273)
vtx-F04-741-79-43	Δ = 741	bi.bi = 79	b0.bi = 43	10 x (irr-F4-26) + 5 x (irr-F4-52) + 1 x (irr-F4-273)
vtx-F04-741-82-44	Δ = 741	bi.bi = 82	b0.bi = 44	8 x (irr-F4-26) + 6 x (irr-F4-52) + 1 x (irr-F4-273)
vtx-F04-741-85-45	Δ = 741	bi.bi = 85	b0.bi = 45	6 x (irr-F4-26) + 7 x (irr-F4-52) + 1 x (irr-F4-273)
vtx-F04-741-88-46	Δ = 741	bi.bi = 88	b0.bi = 46	4 x (irr-F4-26) + 8 x (irr-F4-52) + 1 x (irr-F4-273)
vtx-F04-741-91-47	Δ = 741	bi.bi = 91	b0.bi = 47	2 x (irr-F4-26) + 9 x (irr-F4-52) + 1 x (irr-F4-273)
vtx-F04-741-94-48	Δ = 741	bi.bi = 94	b0.bi = 48	10 x (irr-F4-52) + 1 x (irr-F4-273)
vtx-F04-752-139-57	Δ = 752	bi.bi = 139	b0.bi = 57	6 x (irr-F4-26) + 2 x (irr-F4-324)
vtx-F04-752-142-58	Δ = 752	bi.bi = 142	b0.bi = 58	4 x (irr-F4-26) + 1 x (irr-F4-52) + 2 x (irr-F4-324)
vtx-F04-752-145-59	Δ = 752	bi.bi = 145	b0.bi = 59	2 x (irr-F4-26) + 2 x (irr-F4-52) + 2 x (irr-F4-324)
vtx-F04-752-148-60	Δ = 752	bi.bi = 148	b0.bi = 60	3 x (irr-F4-52) + 2 x (irr-F4-324)
vtx-F04-753-121-53	Δ = 753	bi.bi = 121	b0.bi = 53	8 x (irr-F4-26) + 1 x (irr-F4-273) + 1 x (irr-F4-324)
vtx-F04-753-124-54	Δ = 753	bi.bi = 124	b0.bi = 54	6 x (irr-F4-26) + 1 x (irr-F4-52) + 1 x (irr-F4-273) + 1 x (irr-F4-324)
vtx-F04-753-127-55	Δ = 753	bi.bi = 127	b0.bi = 55	4 x (irr-F4-26) + 2 x (irr-F4-52) + 1 x (irr-F4-273) + 1 x (irr-F4-324)
vtx-F04-753-130-56	Δ = 753	bi.bi = 130	b0.bi = 56	2 x (irr-F4-26) + 3 x (irr-F4-52) + 1 x (irr-F4-273) + 1 x (irr-F4-324)
vtx-F04-753-133-57	Δ = 753	bi.bi = 133	b0.bi = 57	4 x (irr-F4-52) + 1 x (irr-F4-273) + 1 x (irr-F4-324)
vtx-F04-754-26-28	Δ = 754	bi.bi = 26	b0.bi = 28	31 x (irr-F4-26)
vtx-F04-754-29-29	Δ = 754	bi.bi = 29	b0.bi = 29	29 x (irr-F4-26) + 1 x (irr-F4-52)
vtx-F04-754-32-30	Δ = 754	bi.bi = 32	b0.bi = 30	27 x (irr-F4-26) + 2 x (irr-F4-52)
vtx-F04-754-35-31	Δ = 754	bi.bi = 35	b0.bi = 31	25 x (irr-F4-26) + 3 x (irr-F4-52)
vtx-F04-754-38-32	Δ = 754	bi.bi = 38	b0.bi = 32	23 x (irr-F4-26) + 4 x (irr-F4-52)
vtx-F04-754-41-33	Δ = 754	bi.bi = 41	b0.bi = 33	21 x (irr-F4-26) + 5 x (irr-F4-52)
vtx-F04-754-44-34	Δ = 754	bi.bi = 44	b0.bi = 34	19 x (irr-F4-26) + 6 x (irr-F4-52)
vtx-F04-754-47-35	Δ = 754	bi.bi = 47	b0.bi = 35	17 x (irr-F4-26) + 7 x (irr-F4-52)
vtx-F04-754-50-36	Δ = 754	bi.bi = 50	b0.bi = 36	15 x (irr-F4-26) + 8 x (irr-F4-52)
vtx-F04-754-53-37	Δ = 754	bi.bi = 53	b0.bi = 37	13 x (irr-F4-26) + 9 x (irr-F4-52)
vtx-F04-754-56-38	Δ = 754	bi.bi = 56	b0.bi = 38	11 x (irr-F4-26) + 10 x (irr-F4-52)
vtx-F04-754-59-39	Δ = 754	bi.bi = 59	b0.bi = 39	9 x (irr-F4-26) + 11 x (irr-F4-52)
vtx-F04-754-62-40	Δ = 754	bi.bi = 62	b0.bi = 40	7 x (irr-F4-26) + 12 x (irr-F4-52)
vtx-F04-754-65-41	Δ = 754	bi.bi = 65	b0.bi = 41	5 x (irr-F4-26) + 13 x (irr-F4-52)
vtx-F04-754-68-42	Δ = 754	bi.bi = 68	b0.bi = 42	3 x (irr-F4-26) + 14 x (irr-F4-52)
vtx-F04-754-71-43	Δ = 754	bi.bi = 71	b0.bi = 43	1 x (irr-F4-26) + 15 x (irr-F4-52)
vtx-F04-754-103-49	Δ = 754	bi.bi = 103	b0.bi = 49	10 x (irr-F4-26) + 2 x (irr-F4-273)
vtx-F04-754-106-50	Δ = 754	bi.bi = 106	b0.bi = 50	8 x (irr-F4-26) + 1 x (irr-F4-52) + 2 x (irr-F4-273)
vtx-F04-754-109-51	Δ = 754	bi.bi = 109	b0.bi = 51	6 x (irr-F4-26) + 2 x (irr-F4-52) + 2 x (irr-F4-273)
vtx-F04-754-112-52	Δ = 754	bi.bi = 112	b0.bi = 52	4 x (irr-F4-26) + 3 x (irr-F4-52) + 2 x (irr-F4-273)
vtx-F04-754-115-53	Δ = 754	bi.bi = 115	b0.bi = 53	2 x (irr-F4-26) + 4 x (irr-F4-52) + 2 x (irr-F4-273)
vtx-F04-754-118-54	Δ = 754	bi.bi = 118	b0.bi = 54	5 x (irr-F4-52) + 2 x (irr-F4-273)
vtx-F04-766-83-43	Δ = 766	bi.bi = 83	b0.bi = 43	19 x (irr-F4-26) + 1 x (irr-F4-324)
vtx-F04-766-86-44	Δ = 766	bi.bi = 86	b0.bi = 44	17 x (irr-F4-26) + 1 x (irr-F4-52) + 1 x (irr-F4-324)
vtx-F04-766-89-45	Δ = 766	bi.bi = 89	b0.bi = 45	15 x (irr-F4-26) + 2 x (irr-F4-52) + 1 x (irr-F4-324)
vtx-F04-766-92-46	Δ = 766	bi.bi = 92	b0.bi = 46	13 x (irr-F4-26) + 3 x (irr-F4-52) + 1 x (irr-F4-324)
vtx-F04-766-95-47	Δ = 766	bi.bi = 95	b0.bi = 47	11 x (irr-F4-26) + 4 x (irr-F4-52) + 1 x (irr-F4-324)
vtx-F04-766-98-48	Δ = 766	bi.bi = 98	b0.bi = 48	9 x (irr-F4-26) + 5 x (irr-F4-52) + 1 x (irr-F4-324)
vtx-F04-766-101-49	Δ = 766	bi.bi = 101	b0.bi = 49	7 x (irr-F4-26) + 6 x (irr-F4-52) + 1 x (irr-F4-324)
vtx-F04-766-104-50	Δ = 766	bi.bi = 104	b0.bi = 50	5 x (irr-F4-26) + 7 x (irr-F4-52) + 1 x (irr-F4-324)
vtx-F04-766-107-51	Δ = 766	bi.bi = 107	b0.bi = 51	3 x (irr-F4-26) + 8 x (irr-F4-52) + 1 x (irr-F4-324)
vtx-F04-766-110-52	Δ = 766	bi.bi = 110	b0.bi = 52	1 x (irr-F4-26) + 9 x (irr-F4-52) + 1 x (irr-F4-324)
vtx-F04-767-65-39	Δ = 767	bi.bi = 65	b0.bi = 39	21 x (irr-F4-26) + 1 x (irr-F4-273)
vtx-F04-767-68-40	Δ = 767	bi.bi = 68	b0.bi = 40	19 x (irr-F4-26) + 1 x (irr-F4-52) + 1 x (irr-F4-273)
vtx-F04-767-71-41	Δ = 767	bi.bi = 71	b0.bi = 41	17 x (irr-F4-26) + 2 x (irr-F4-52) + 1 x (irr-F4-273)
vtx-F04-767-74-42	Δ = 767	bi.bi = 74	b0.bi = 42	15 x (irr-F4-26) + 3 x (irr-F4-52) + 1 x (irr-F4-273)
vtx-F04-767-77-43	Δ = 767	bi.bi = 77	b0.bi = 43	13 x (irr-F4-26) + 4 x (irr-F4-52) + 1 x (irr-F4-273)
vtx-F04-767-80-44	Δ = 767	bi.bi = 80	b0.bi = 44	11 x (irr-F4-26) + 5 x (irr-F4-52) + 1 x (irr-F4-273)
vtx-F04-767-83-45	Δ = 767	bi.bi = 83	b0.bi = 45	9 x (irr-F4-26) + 6 x (irr-F4-52) + 1 x (irr-F4-273)
vtx-F04-767-86-46	Δ = 767	bi.bi = 86	b0.bi = 46	7 x (irr-F4-26) + 7 x (irr-F4-52) + 1 x (irr-F4-273)
vtx-F04-767-89-47	Δ = 767	bi.bi = 89	b0.bi = 47	5 x (irr-F4-26) + 8 x (irr-F4-52) + 1 x (irr-F4-273)
vtx-F04-767-92-48	Δ = 767	bi.bi = 92	b0.bi = 48	3 x (irr-F4-26) + 9 x (irr-F4-52) + 1 x (irr-F4-273)
vtx-F04-767-95-49	Δ = 767	bi.bi = 95	b0.bi = 49	1 x (irr-F4-26) + 10 x (irr-F4-52) + 1 x (irr-F4-273)
vtx-F04-767-142-60	Δ = 767	bi.bi = 142	b0.bi = 60	3 x (irr-F4-273)
vtx-F04-778-140-58	Δ = 778	bi.bi = 140	b0.bi = 58	7 x (irr-F4-26) + 2 x (irr-F4-324)
vtx-F04-778-143-59	Δ = 778	bi.bi = 143	b0.bi = 59	5 x (irr-F4-26) + 1 x (irr-F4-52) + 2 x (irr-F4-324)
vtx-F04-778-146-60	Δ = 778	bi.bi = 146	b0.bi = 60	3 x (irr-F4-26) + 2 x (irr-F4-52) + 2 x (irr-F4-324)
vtx-F04-778-149-61	Δ = 778	bi.bi = 149	b0.bi = 61	1 x (irr-F4-26) + 3 x (irr-F4-52) + 2 x (irr-F4-324)
vtx-F04-779-122-54	Δ = 779	bi.bi = 122	b0.bi = 54	9 x (irr-F4-26) + 1 x (irr-F4-273) + 1 x (irr-F4-324)
vtx-F04-779-125-55	Δ = 779	bi.bi = 125	b0.bi = 55	7 x (irr-F4-26) + 1 x (irr-F4-52) + 1 x (irr-F4-273) + 1 x (irr-F4-324)
vtx-F04-779-128-56	Δ = 779	bi.bi = 128	b0.bi = 56	5 x (irr-F4-26) + 2 x (irr-F4-52) + 1 x (irr-F4-273) + 1 x (irr-F4-324)
vtx-F04-779-131-57	Δ = 779	bi.bi = 131	b0.bi = 57	3 x (irr-F4-26) + 3 x (irr-F4-52) + 1 x (irr-F4-273) + 1 x (irr-F4-324)
vtx-F04-779-134-58	Δ = 779	bi.bi = 134	b0.bi = 58	1 x (irr-F4-26) + 4 x (irr-F4-52) + 1 x (irr-F4-273) + 1 x (irr-F4-324)
vtx-F04-780-27-29	Δ = 780	bi.bi = 27	b0.bi = 29	32 x (irr-F4-26)
vtx-F04-780-30-30	Δ = 780	bi.bi = 30	b0.bi = 30	30 x (irr-F4-26) + 1 x (irr-F4-52)
vtx-F04-780-33-31	Δ = 780	bi.bi = 33	b0.bi = 31	28 x (irr-F4-26) + 2 x (irr-F4-52)
vtx-F04-780-36-32	Δ = 780	bi.bi = 36	b0.bi = 32	26 x (irr-F4-26) + 3 x (irr-F4-52)
vtx-F04-780-39-33	Δ = 780	bi.bi = 39	b0.bi = 33	24 x (irr-F4-26) + 4 x (irr-F4-52)
vtx-F04-780-42-34	Δ = 780	bi.bi = 42	b0.bi = 34	22 x (irr-F4-26) + 5 x (irr-F4-52)
vtx-F04-780-45-35	Δ = 780	bi.bi = 45	b0.bi = 35	20 x (irr-F4-26) + 6 x (irr-F4-52)
vtx-F04-780-48-36	Δ = 780	bi.bi = 48	b0.bi = 36	18 x (irr-F4-26) + 7 x (irr-F4-52)
vtx-F04-780-51-37	Δ = 780	bi.bi = 51	b0.bi = 37	16 x (irr-F4-26) + 8 x (irr-F4-52)
vtx-F04-780-54-38	Δ = 780	bi.bi = 54	b0.bi = 38	14 x (irr-F4-26) + 9 x (irr-F4-52)
vtx-F04-780-57-39	Δ = 780	bi.bi = 57	b0.bi = 39	12 x (irr-F4-26) + 10 x (irr-F4-52)
vtx-F04-780-60-40	Δ = 780	bi.bi = 60	b0.bi = 40	10 x (irr-F4-26) + 11 x (irr-F4-52)
vtx-F04-780-63-41	Δ = 780	bi.bi = 63	b0.bi = 41	8 x (irr-F4-26) + 12 x (irr-F4-52)
vtx-F04-780-66-42	Δ = 780	bi.bi = 66	b0.bi = 42	6 x (irr-F4-26) + 13 x (irr-F4-52)
vtx-F04-780-69-43	Δ = 780	bi.bi = 69	b0.bi = 43	4 x (irr-F4-26) + 14 x (irr-F4-52)
vtx-F04-780-72-44	Δ = 780	bi.bi = 72	b0.bi = 44	2 x (irr-F4-26) + 15 x (irr-F4-52)
vtx-F04-780-75-45	Δ = 780	bi.bi = 75	b0.bi = 45	16 x (irr-F4-52)
vtx-F04-780-104-50	Δ = 780	bi.bi = 104	b0.bi = 50	11 x (irr-F4-26) + 2 x (irr-F4-273)
vtx-F04-780-107-51	Δ = 780	bi.bi = 107	b0.bi = 51	9 x (irr-F4-26) + 1 x (irr-F4-52) + 2 x (irr-F4-273)
vtx-F04-780-110-52	Δ = 780	bi.bi = 110	b0.bi = 52	7 x (irr-F4-26) + 2 x (irr-F4-52) + 2 x (irr-F4-273)
vtx-F04-780-113-53	Δ = 780	bi.bi = 113	b0.bi = 53	5 x (irr-F4-26) + 3 x (irr-F4-52) + 2 x (irr-F4-273)
vtx-F04-780-116-54	Δ = 780	bi.bi = 116	b0.bi = 54	3 x (irr-F4-26) + 4 x (irr-F4-52) + 2 x (irr-F4-273)
vtx-F04-780-119-55	Δ = 780	bi.bi = 119	b0.bi = 55	1 x (irr-F4-26) + 5 x (irr-F4-52) + 2 x (irr-F4-273)
vtx-F04-792-84-44	Δ = 792	bi.bi = 84	b0.bi = 44	20 x (irr-F4-26) + 1 x (irr-F4-324)
vtx-F04-792-87-45	Δ = 792	bi.bi = 87	b0.bi = 45	18 x (irr-F4-26) + 1 x (irr-F4-52) + 1 x (irr-F4-324)
vtx-F04-792-90-46	Δ = 792	bi.bi = 90	b0.bi = 46	16 x (irr-F4-26) + 2 x (irr-F4-52) + 1 x (irr-F4-324)
vtx-F04-792-93-47	Δ = 792	bi.bi = 93	b0.bi = 47	14 x (irr-F4-26) + 3 x (irr-F4-52) + 1 x (irr-F4-324)
vtx-F04-792-96-48	Δ = 792	bi.bi = 96	b0.bi = 48	12 x (irr-F4-26) + 4 x (irr-F4-52) + 1 x (irr-F4-324)
vtx-F04-792-99-49	Δ = 792	bi.bi = 99	b0.bi = 49	10 x (irr-F4-26) + 5 x (irr-F4-52) + 1 x (irr-F4-324)
vtx-F04-792-102-50	Δ = 792	bi.bi = 102	b0.bi = 50	8 x (irr-F4-26) + 6 x (irr-F4-52) + 1 x (irr-F4-324)
vtx-F04-792-105-51	Δ = 792	bi.bi = 105	b0.bi = 51	6 x (irr-F4-26) + 7 x (irr-F4-52) + 1 x (irr-F4-324)
vtx-F04-792-108-52	Δ = 792	bi.bi = 108	b0.bi = 52	4 x (irr-F4-26) + 8 x (irr-F4-52) + 1 x (irr-F4-324)
vtx-F04-792-111-53	Δ = 792	bi.bi = 111	b0.bi = 53	2 x (irr-F4-26) + 9 x (irr-F4-52) + 1 x (irr-F4-324)
vtx-F04-792-114-54	Δ = 792	bi.bi = 114	b0.bi = 54	10 x (irr-F4-52) + 1 x (irr-F4-324)
vtx-F04-793-66-40	Δ = 793	bi.bi = 66	b0.bi = 40	22 x (irr-F4-26) + 1 x (irr-F4-273)
vtx-F04-793-69-41	Δ = 793	bi.bi = 69	b0.bi = 41	20 x (irr-F4-26) + 1 x (irr-F4-52) + 1 x (irr-F4-273)
vtx-F04-793-72-42	Δ = 793	bi.bi = 72	b0.bi = 42	18 x (irr-F4-26) + 2 x (irr-F4-52) + 1 x (irr-F4-273)
vtx-F04-793-75-43	Δ = 793	bi.bi = 75	b0.bi = 43	16 x (irr-F4-26) + 3 x (irr-F4-52) + 1 x (irr-F4-273)
vtx-F04-793-78-44	Δ = 793	bi.bi = 78	b0.bi = 44	14 x (irr-F4-26) + 4 x (irr-F4-52) + 1 x (irr-F4-273)
vtx-F04-793-81-45	Δ = 793	bi.bi = 81	b0.bi = 45	12 x (irr-F4-26) + 5 x (irr-F4-52) + 1 x (irr-F4-273)
vtx-F04-793-84-46	Δ = 793	bi.bi = 84	b0.bi = 46	10 x (irr-F4-26) + 6 x (irr-F4-52) + 1 x (irr-F4-273)
vtx-F04-793-87-47	Δ = 793	bi.bi = 87	b0.bi = 47	8 x (irr-F4-26) + 7 x (irr-F4-52) + 1 x (irr-F4-273)
vtx-F04-793-90-48	Δ = 793	bi.bi = 90	b0.bi = 48	6 x (irr-F4-26) + 8 x (irr-F4-52) + 1 x (irr-F4-273)
vtx-F04-793-93-49	Δ = 793	bi.bi = 93	b0.bi = 49	4 x (irr-F4-26) + 9 x (irr-F4-52) + 1 x (irr-F4-273)
vtx-F04-793-96-50	Δ = 793	bi.bi = 96	b0.bi = 50	2 x (irr-F4-26) + 10 x (irr-F4-52) + 1 x (irr-F4-273)
vtx-F04-793-99-51	Δ = 793	bi.bi = 99	b0.bi = 51	11 x (irr-F4-52) + 1 x (irr-F4-273)
vtx-F04-793-143-61	Δ = 793	bi.bi = 143	b0.bi = 61	1 x (irr-F4-26) + 3 x (irr-F4-273)
